-0.005,0.017,9.81
-0.003,0.021,9.804
-0.018,0.015,9.819
-0.011,0.009,9.803
-0.015,0.019,9.802
-0.014,0.008,9.807
-0.02,0.008,9.804
-0.014,0.006,9.799
-0.01,0.01,9.808
-0.009,0.013,9.806
0.0,0.011,9.808
-0.008,0.013,9.803
-0.017,0.009,9.807
-0.006,0.007,9.809
-0.013,0.013,9.802
-0.011,0.007,9.811
-0.017,0.01,9.813
-0.018,0.013,9.801
-0.008,0.014,9.811
-0.004,0.01,9.81
-0.003,0.012,9.812
-0.004,0.023,9.806
-0.004,0.016,9.805
-0.017,0.016,9.796
-0.008,0.012,9.797
-0.012,0.019,9.8
-0.012,0.011,9.813
-0.007,0.007,9.809
-0.012,0.012,9.805
-0.015,0.009,9.802
-0.015,0.011,9.806
-0.008,0.011,9.792
-0.012,0.005,9.809
-0.011,0.006,9.809
-0.007,0.017,9.807
-0.014,0.005,9.806
-0.013,0.012,9.805
-0.019,0.012,9.813
-0.006,0.014,9.807
-0.005,0.01,9.809
-0.012,0.022,9.808
-0.011,0.011,9.802
-0.01,0.016,9.805
-0.024,0.012,9.804
-0.012,0.014,9.802
-0.014,0.017,9.815
-0.012,0.01,9.808
-0.007,0.014,9.807
-0.016,0.017,9.796
-0.013,0.009,9.813
-0.016,0.014,9.814
-0.014,0.011,9.809
-0.021,0.009,9.806
-0.013,0.007,9.794
-0.013,0.012,9.807
-0.006,0.018,9.81
-0.008,0.014,9.815
-0.011,0.016,9.805
-0.015,0.02,9.809
-0.011,0.016,9.807
-0.017,0.015,9.806
-0.017,0.022,9.8
-0.012,0.011,9.803
-0.016,0.015,9.804
-0.016,0.01,9.8
-0.01,0.02,9.812
-0.009,0.012,9.801
-0.015,0.008,9.804
-0.011,0.007,9.806
-0.02,0.015,9.801
-0.017,0.019,9.817
-0.015,0.017,9.809
-0.015,0.005,9.811
-0.017,0.01,9.812
-0.013,0.014,9.807
-0.01,0.012,9.81
-0.02,0.016,9.807
-0.015,0.014,9.804
-0.012,0.019,9.808
-0.015,0.004,9.802
-0.01,0.018,9.807
-0.032,0.004,9.795
-0.027,-0.014,9.791
-0.033,-0.0,9.797
-0.041,0.006,9.79
-0.031,0.003,9.786
-0.042,-0.011,9.789
-0.037,-0.006,9.793
-0.035,-0.008,9.797
-0.039,-0.002,9.794
-0.039,-0.007,9.795
-0.038,-0.002,9.789
-0.036,-0.009,9.795
-0.041,-0.006,9.796
-0.034,0.002,9.787
-0.037,-0.013,9.8
-0.028,-0.008,9.803
-0.036,-0.007,9.787
-0.025,-0.005,9.796
-0.042,-0.006,9.791
-0.034,-0.004,9.797
-0.033,-0.006,9.794
-0.043,0.006,9.787
-0.028,-0.011,9.79
-0.038,-0.002,9.789
-0.031,-0.01,9.791
-0.041,-0.009,9.783
-0.031,0.002,9.79
-0.039,-0.008,9.792
-0.031,0.004,9.798
-0.036,0.006,9.8
-0.032,-0.008,9.789
-0.041,-0.007,9.804
-0.03,-0.007,9.794
-0.036,0.004,9.799
-0.042,-0.002,9.795
-0.03,-0.01,9.79
-0.038,-0.008,9.804
-0.028,-0.006,9.801
-0.036,-0.007,9.801
-0.044,-0.004,9.792
-0.042,0.002,9.798
-0.034,-0.011,9.799
-0.035,-0.01,9.792
-0.037,-0.002,9.79
-0.035,-0.004,9.797
-0.038,-0.007,9.801
-0.033,-0.005,9.791
-0.037,-0.005,9.798
-0.041,-0.01,9.79
-0.031,-0.006,9.802
-0.044,-0.001,9.797
-0.035,-0.007,9.797
-0.029,-0.005,9.792
-0.028,-0.017,9.79
-0.041,0.002,9.799
-0.034,0.004,9.802
-0.028,-0.003,9.79
-0.037,-0.008,9.788
-0.035,-0.004,9.792
-0.041,-0.007,9.785
-0.04,-0.001,9.793
-0.028,-0.009,9.785
-0.043,0.002,9.789
-0.034,0.004,9.806
-0.035,-0.006,9.792
-0.038,-0.013,9.796
-0.032,0.002,9.8
-0.032,0.006,9.794
-0.037,-0.004,9.793
-0.037,0.001,9.789
-0.031,-0.001,9.797
-0.03,-0.004,9.798
-0.036,-0.003,9.796
-0.036,-0.003,9.794
-0.028,-0.008,9.802
-0.04,0.005,9.792
-0.035,-0.006,9.798
-0.041,-0.007,9.785
-0.037,-0.003,9.797
-0.034,-0.003,9.796
-0.041,-0.0,9.787
-0.04,-0.004,9.797
-0.045,-0.002,9.793
-0.039,-0.006,9.791
-0.037,-0.007,9.791
-0.042,-0.006,9.801
-0.033,-0.0,9.793
-0.02,-0.005,9.789
-0.032,0.004,9.788
-0.034,-0.013,9.794
-0.031,-0.017,9.793
-0.031,-0.004,9.799
-0.034,-0.002,9.791
-0.033,-0.002,9.794
-0.034,-0.001,9.793
-0.023,-0.006,9.796
-0.035,-0.004,9.802
-0.036,0.0,9.789
-0.036,0.0,9.792
-0.032,0.001,9.795
-0.033,-0.001,9.785
-0.041,-0.007,9.789
-0.036,0.004,9.793
-0.044,-0.009,9.798
-0.034,-0.009,9.787
-0.033,-0.004,9.801
-0.035,-0.003,9.791
-0.04,-0.006,9.796
-0.039,-0.005,9.79
-0.033,0.003,9.788
-0.035,-0.002,9.794
-0.031,-0.002,9.791
-0.038,-0.001,9.795
-0.035,-0.007,9.797
-0.034,-0.004,9.795
-0.033,-0.003,9.809
-0.047,-0.008,9.788
-0.04,0.006,9.796
-0.032,-0.007,9.8
-0.03,-0.007,9.791
-0.044,-0.006,9.79
-0.037,-0.006,9.793
-0.043,-0.01,9.795
-0.034,-0.006,9.797
-0.031,-0.007,9.793
-0.035,-0.004,9.796
-0.035,-0.005,9.795
-0.032,0.0,9.791
-0.033,-0.012,9.792
-0.033,-0.01,9.793
-0.033,-0.004,9.795
-0.036,0.0,9.791
-0.046,-0.001,9.792
-0.045,0.004,9.803
-0.027,-0.002,9.786
-0.031,-0.01,9.796
-0.037,-0.003,9.789
-0.041,0.001,9.798
-0.038,-0.004,9.8
-0.031,0.005,9.793
-0.029,0.009,9.794
-0.032,-0.005,9.795
-0.032,-0.003,9.798
-0.04,0.0,9.789
-0.032,0.001,9.792
-0.036,0.0,9.796
-0.04,-0.0,9.798
-0.036,0.001,9.795
-0.039,-0.004,9.796
-0.035,-0.002,9.796
-0.024,-0.007,9.794
-0.028,-0.005,9.792
-0.041,-0.006,9.792
-0.033,0.001,9.788
-0.021,-0.015,9.788
-0.033,-0.003,9.794
-0.021,-0.005,9.792
-0.038,-0.01,9.792
-0.03,-0.011,9.796
-0.03,-0.005,9.791
-0.04,0.001,9.798
-0.029,-0.012,9.792
-0.041,-0.004,9.797
-0.032,-0.004,9.78
-0.04,-0.009,9.795
-0.046,-0.002,9.792
-0.028,-0.006,9.796
-0.032,-0.007,9.793
-0.032,-0.003,9.787
-0.033,-0.006,9.787
-0.036,0.004,9.799
-0.032,-0.014,9.788
-0.037,-0.008,9.795
-0.035,-0.008,9.796
-0.044,-0.0,9.797
-0.044,0.011,9.793
-0.035,-0.004,9.786
-0.042,0.001,9.799
-0.039,-0.011,9.793
-0.036,-0.008,9.789
-0.041,0.003,9.793
-0.039,-0.004,9.794
-0.034,-0.006,9.79
-0.039,0.0,9.793
-0.039,0.003,9.807
-0.038,-0.006,9.799
-0.036,-0.005,9.799
-0.038,-0.001,9.799
-0.044,-0.006,9.791
-0.034,-0.001,9.797
-0.036,0.002,9.796
-0.033,-0.013,9.79
-0.04,-0.009,9.793
-0.024,-0.008,9.805
-0.039,0.005,9.794
-0.032,-0.002,9.798
-0.039,-0.006,9.794
-0.032,-0.008,9.783
-0.036,-0.001,9.792
-0.042,-0.0,9.802
-0.045,-0.006,9.789
-0.037,0.002,9.798
-0.027,-0.006,9.795
-0.033,-0.01,9.802
-0.039,-0.005,9.789
-0.031,-0.008,9.8
-0.032,0.001,9.797
-0.05,-0.004,9.791
-0.037,-0.002,9.798
-0.031,-0.008,9.798
-0.029,0.003,9.794
-0.038,-0.001,9.795
-0.037,-0.003,9.79
-0.045,-0.004,9.799
-0.031,-0.007,9.795
-0.044,-0.006,9.797
-0.034,-0.0,9.792
-0.032,-0.004,9.791
-0.035,-0.003,9.795
-0.039,-0.003,9.8
-0.042,0.007,9.795
-0.043,-0.003,9.802
-0.028,-0.002,9.794
-0.032,-0.002,9.797
-0.044,-0.002,9.782
-0.028,-0.006,9.793
-0.042,-0.004,9.788
-0.043,-0.012,9.787
-0.035,-0.0,9.786
-0.025,-0.012,9.8
-0.032,0.008,9.792
-0.036,0.001,9.786
-0.029,-0.012,9.794
-0.034,-0.012,9.793
-0.038,-0.0,9.797
-0.045,-0.016,9.788
-0.044,-0.005,9.783
-0.026,-0.007,9.804
-0.038,-0.008,9.793
-0.034,-0.007,9.793
-0.036,-0.003,9.803
-0.031,-0.003,9.785
-0.032,0.006,9.787
-0.029,-0.014,9.789
-0.032,-0.002,9.787
-0.03,-0.001,9.796
-0.041,-0.007,9.792
-0.036,-0.01,9.793
-0.035,-0.009,9.797
-0.04,0.003,9.789
-0.038,-0.003,9.795
-0.033,0.004,9.797
-0.03,-0.004,9.799
-0.039,0.005,9.788
-0.033,-0.007,9.786
-0.03,0.008,9.797
-0.032,-0.004,9.798
-0.031,-0.004,9.798
-0.037,-0.009,9.794
-0.03,0.001,9.789
-0.033,-0.004,9.789
-0.04,-0.008,9.78
-0.035,-0.007,9.799
-0.043,-0.007,9.792
-0.046,-0.003,9.796
-0.036,0.005,9.786
-0.034,-0.008,9.788
-0.031,-0.005,9.795
-0.043,-0.003,9.797
-0.038,-0.001,9.783
-0.029,0.003,9.793
-0.03,-0.009,9.791
-0.032,-0.004,9.801
-0.038,-0.007,9.782
-0.039,0.003,9.802
-0.037,-0.001,9.792
-0.037,-0.007,9.793
-0.029,-0.003,9.795
-0.032,-0.005,9.793
-0.034,-0.002,9.8
-0.03,-0.004,9.797
-0.039,-0.006,9.794
-0.034,-0.0,9.799
-0.035,-0.005,9.803
-0.034,-0.009,9.797
-0.04,-0.0,9.794
-0.03,-0.001,9.791
-0.031,0.0,9.797
-0.03,-0.002,9.792
-0.036,0.002,9.797
-0.033,-0.002,9.787
-0.034,-0.003,9.793
-0.042,0.002,9.791
-0.031,-0.002,9.792
-0.041,-0.004,9.795
-0.035,-0.001,9.796
-0.029,-0.002,9.805
-0.038,0.003,9.796
-0.027,-0.011,9.789
-0.042,-0.008,9.794
-0.031,0.0,9.789
-0.035,-0.007,9.797
-0.041,0.004,9.801
-0.036,0.001,9.803
-0.034,-0.001,9.78
-0.042,-0.009,9.798
-0.038,-0.003,9.796
-0.033,0.003,9.797
-0.03,-0.006,9.799
-0.042,0.001,9.79
-0.034,-0.006,9.79
-0.042,-0.005,9.79
-0.041,-0.004,9.793
-0.031,-0.005,9.801
-0.032,-0.004,9.788
-0.041,-0.001,9.796
-0.021,-0.006,9.788
-0.037,-0.003,9.805
-0.032,0.007,9.792
-0.031,-0.004,9.789
-0.036,-0.002,9.794
-0.034,-0.007,9.794
-0.032,-0.012,9.796
-0.029,-0.003,9.79
-0.043,0.001,9.804
-0.032,-0.005,9.796
-0.03,0.008,9.798
-0.038,-0.003,9.79
-0.032,-0.006,9.789
-0.033,-0.008,9.794
-0.038,0.005,9.791
-0.04,-0.002,9.783
-0.039,-0.005,9.79
-0.024,-0.01,9.784
-0.032,-0.005,9.792
-0.041,-0.005,9.801
-0.026,0.002,9.79
-0.024,-0.017,9.788
-0.037,0.001,9.798
-0.042,-0.004,9.797
-0.032,-0.002,9.793
-0.027,-0.014,9.795
-0.028,-0.005,9.795
-0.033,-0.001,9.796
-0.037,-0.002,9.783
-0.038,-0.015,9.795
-0.04,-0.001,9.791
-0.043,-0.007,9.793
-0.034,-0.005,9.79
-0.039,0.001,9.798
-0.031,0.001,9.792
-0.033,0.004,9.796
-0.036,0.0,9.786
-0.037,-0.004,9.791
-0.045,-0.004,9.799
-0.041,-0.0,9.806
-0.036,-0.01,9.791
-0.032,-0.004,9.798
-0.043,-0.007,9.8
-0.036,0.004,9.797
-0.029,0.001,9.796
-0.027,0.009,9.793
-0.035,0.0,9.792
-0.041,0.004,9.795
-0.037,-0.004,9.799
-0.039,-0.01,9.794
-0.036,-0.011,9.796
-0.037,-0.015,9.795
-0.035,0.002,9.8
-0.043,-0.004,9.797
-0.032,-0.002,9.795
-0.039,-0.0,9.798
-0.024,0.003,9.796
-0.027,-0.0,9.796
-0.037,0.002,9.797
-0.033,-0.0,9.797
-0.035,-0.004,9.788
-0.031,-0.0,9.801
-0.035,-0.006,9.786
-0.035,0.002,9.802
-0.028,-0.0,9.791
-0.035,-0.002,9.792
-0.036,-0.001,9.789
-0.043,-0.011,9.8
-0.035,-0.003,9.801
-0.033,-0.009,9.794
-0.031,-0.002,9.8
-0.024,-0.003,9.784
-0.046,0.004,9.79
-0.029,0.001,9.796
-0.041,-0.002,9.783
-0.041,-0.006,9.797
-0.031,-0.008,9.793
-0.04,0.002,9.789
-0.035,-0.004,9.79
-0.031,-0.01,9.8
-0.031,-0.003,9.796
-0.043,-0.008,9.794
-0.037,-0.003,9.796
-0.036,-0.004,9.797
-0.03,-0.0,9.791
-0.035,-0.002,9.793
-0.028,0.002,9.795
-0.034,-0.001,9.807
-0.025,-0.004,9.788
-0.033,-0.0,9.791
-0.032,-0.005,9.797
-0.028,-0.006,9.785
-0.029,-0.001,9.789
-0.039,-0.007,9.791
-0.042,-0.001,9.791
-0.047,-0.002,9.784
-0.037,-0.004,9.793
-0.038,-0.013,9.788
-0.033,-0.002,9.801
-0.035,-0.008,9.802
-0.037,-0.014,9.792
-0.035,-0.005,9.792
-0.035,0.01,9.786
-0.032,-0.013,9.796
-0.03,-0.002,9.795
-0.033,-0.004,9.79
-0.03,-0.002,9.803
-0.043,0.001,9.793
-0.034,0.005,9.788
-0.033,-0.007,9.791
-0.029,-0.002,9.8
-0.048,-0.008,9.788
-0.028,-0.006,9.798
-0.025,0.0,9.797
-0.04,-0.01,9.798
-0.03,-0.001,9.786
-0.046,0.002,9.792
-0.033,-0.012,9.793
-0.035,-0.002,9.797
-0.038,-0.005,9.799
-0.033,-0.004,9.808
-0.032,-0.014,9.799
-0.038,0.001,9.798
-0.032,-0.0,9.797
-0.036,0.001,9.797
-0.029,-0.002,9.8
-0.041,-0.001,9.78
-0.033,-0.007,9.8
-0.036,-0.004,9.796
-0.026,0.002,9.8
-0.04,0.002,9.795
-0.04,-0.001,9.792
-0.033,0.001,9.791
-0.037,0.002,9.791
-0.043,-0.002,9.79
-0.031,0.003,9.79
-0.038,0.004,9.795
-0.046,-0.004,9.792
-0.033,-0.011,9.795
-0.024,-0.005,9.794
-0.029,-0.001,9.79
-0.026,-0.003,9.788
-0.034,0.004,9.787
-0.032,-0.003,9.792
-0.037,-0.01,9.793
-0.04,-0.004,9.791
-0.033,-0.002,9.784
-0.038,-0.008,9.791
-0.028,-0.012,9.794
-0.041,-0.009,9.79
-0.029,-0.004,9.79
-0.039,-0.004,9.8
-0.034,-0.011,9.791
-0.033,-0.006,9.795
-0.036,-0.001,9.8
-0.04,0.0,9.792
-0.032,-0.001,9.801
-0.039,-0.001,9.796
-0.038,0.007,9.793
-0.033,-0.001,9.802
-0.035,-0.008,9.79
-0.037,0.002,9.791
-0.032,-0.007,9.792
-0.032,-0.004,9.794
-0.031,-0.009,9.786
-0.04,-0.004,9.794
-0.035,0.003,9.797
-0.023,-0.003,9.795
-0.034,0.0,9.799
-0.042,-0.004,9.786
-0.025,-0.003,9.804
-0.035,0.0,9.796
-0.034,0.001,9.8
-0.036,0.005,9.788
-0.038,-0.007,9.786
-0.04,-0.005,9.793
-0.032,-0.0,9.8
-0.03,0.005,9.811
-0.03,-0.0,9.796
-0.033,0.008,9.796
-0.041,-0.008,9.788
-0.043,-0.006,9.793
-0.033,0.0,9.802
-0.032,-0.004,9.785
-0.031,-0.004,9.795
-0.034,-0.007,9.79
-0.032,-0.001,9.794
-0.039,-0.008,9.798
-0.035,-0.0,9.797
-0.035,-0.01,9.792
-0.037,0.003,9.792
-0.038,0.004,9.803
-0.036,-0.005,9.792
-0.028,0.004,9.793
-0.038,-0.01,9.793
-0.04,-0.004,9.797
-0.035,-0.002,9.797
-0.03,-0.006,9.789
-0.038,-0.007,9.79
-0.04,-0.003,9.803
-0.034,-0.006,9.787
-0.034,-0.002,9.797
-0.029,-0.008,9.795
-0.037,-0.004,9.796
-0.032,-0.008,9.794
-0.032,-0.001,9.8
-0.032,0.001,9.794
-0.029,0.006,9.794
-0.039,-0.007,9.796
-0.03,-0.002,9.787
-0.029,-0.001,9.794
-0.033,-0.004,9.798
-0.033,-0.001,9.798
-0.039,0.004,9.794
-0.025,0.004,9.794
-0.033,-0.004,9.797
-0.035,-0.009,9.798
-0.031,0.002,9.788
-0.022,-0.004,9.789
-0.031,-0.0,9.792
-0.038,0.0,9.787
-0.038,-0.011,9.8
-0.035,-0.007,9.792
-0.042,0.005,9.8
-0.021,-0.008,9.797
-0.033,-0.002,9.8
-0.037,-0.003,9.786
-0.03,0.001,9.799
-0.031,-0.001,9.8
-0.037,-0.003,9.792
-0.024,-0.002,9.807
-0.032,-0.005,9.8
-0.031,-0.003,9.8
-0.042,0.001,9.791
-0.03,-0.007,9.797
-0.032,-0.002,9.796
-0.039,-0.005,9.796
-0.035,-0.009,9.805
-0.034,-0.002,9.796
-0.04,-0.007,9.798
-0.035,0.003,9.79
-0.038,-0.006,9.791
-0.029,-0.008,9.801
-0.033,-0.004,9.802
-0.038,-0.007,9.788
-0.043,-0.003,9.791
-0.036,-0.009,9.797
-0.04,0.003,9.789
-0.041,-0.001,9.794
-0.034,0.007,9.792
-0.026,-0.002,9.794
-0.043,-0.008,9.8
-0.036,-0.003,9.801
-0.036,-0.003,9.788
-0.042,0.001,9.794
-0.039,-0.004,9.791
-0.028,-0.005,9.795
-0.036,-0.0,9.798
-0.03,-0.002,9.799
-0.036,-0.009,9.798
-0.041,-0.007,9.796
-0.038,-0.007,9.791
-0.038,-0.008,9.797
-0.043,-0.014,9.794
-0.031,-0.008,9.803
-0.033,-0.017,9.801
-0.038,-0.006,9.802
-0.031,-0.005,9.793
-0.045,-0.007,9.791
-0.037,0.005,9.789
-0.026,0.001,9.791
-0.034,-0.007,9.791
-0.038,0.005,9.79
-0.033,-0.002,9.792
-0.036,0.003,9.797
-0.025,-0.0,9.803
-0.024,-0.004,9.794
-0.032,-0.002,9.791
-0.031,-0.001,9.8
-0.034,-0.002,9.79
-0.043,0.004,9.792
-0.039,-0.004,9.792
-0.037,-0.002,9.795
-0.029,-0.001,9.783
-0.03,-0.008,9.791
-0.024,-0.008,9.794
-0.035,-0.004,9.805
-0.037,-0.005,9.802
-0.031,-0.003,9.79
-0.04,-0.009,9.791
-0.037,-0.006,9.793
-0.038,0.001,9.787
-0.036,-0.006,9.792
-0.044,-0.003,9.798
-0.034,-0.003,9.797
-0.039,-0.007,9.794
-0.029,-0.004,9.79
-0.028,-0.001,9.792
-0.035,-0.002,9.789
-0.037,0.007,9.802
-0.039,-0.001,9.795
-0.037,-0.001,9.799
-0.035,-0.005,9.796
-0.027,-0.01,9.802
-0.041,-0.002,9.801
-0.034,-0.001,9.791
-0.036,-0.011,9.788
-0.024,-0.001,9.799
-0.033,-0.008,9.787
-0.037,-0.005,9.799
-0.039,-0.001,9.785
-0.038,0.006,9.795
-0.043,-0.01,9.799
-0.04,-0.003,9.79
-0.032,-0.008,9.801
-0.038,-0.007,9.793
-0.039,-0.004,9.791
-0.027,-0.008,9.799
-0.033,-0.004,9.795
-0.032,-0.005,9.796
-0.042,-0.009,9.79
-0.03,-0.009,9.792
-0.034,-0.003,9.797
-0.035,0.003,9.796
-0.043,-0.004,9.799
-0.034,0.003,9.787
-0.038,-0.004,9.8
-0.037,-0.002,9.79
-0.025,-0.001,9.781
-0.032,-0.005,9.796
-0.035,0.005,9.789
-0.033,0.003,9.795
-0.036,-0.008,9.799
-0.038,0.001,9.791
-0.025,0.001,9.796
-0.034,0.004,9.785
-0.032,0.007,9.791
-0.035,-0.012,9.794
-0.037,-0.002,9.795
-0.037,-0.002,9.793
-0.025,-0.003,9.793
-0.037,-0.001,9.796
-0.04,0.0,9.795
-0.026,0.002,9.798
-0.046,-0.009,9.792
-0.027,-0.003,9.792
-0.039,-0.002,9.8
-0.039,-0.001,9.792
-0.031,-0.002,9.793
-0.039,-0.001,9.799
-0.033,-0.0,9.803
-0.037,-0.006,9.791
-0.035,-0.005,9.795
-0.03,-0.006,9.792
-0.029,-0.004,9.79
-0.039,-0.011,9.788
-0.036,0.0,9.795
-0.028,-0.008,9.801
-0.032,0.001,9.796
-0.035,-0.008,9.787
-0.033,0.002,9.8
-0.043,-0.007,9.797
-0.041,-0.004,9.797
-0.035,0.001,9.795
-0.033,0.004,9.781
-0.04,-0.008,9.787
-0.03,0.002,9.792
-0.029,-0.006,9.788
-0.035,-0.003,9.787
-0.038,-0.002,9.796
-0.031,-0.002,9.795
-0.038,-0.006,9.799
-0.037,0.007,9.787
-0.041,-0.005,9.792
-0.032,-0.0,9.796
-0.033,-0.004,9.795
-0.035,-0.005,9.799
-0.037,-0.007,9.796
-0.032,-0.003,9.795
-0.037,-0.007,9.792
-0.034,-0.006,9.799
-0.031,0.004,9.794
-0.037,0.001,9.802
-0.037,0.007,9.785
-0.027,0.0,9.796
-0.035,0.0,9.798
-0.045,-0.004,9.793
-0.034,-0.01,9.784
-0.037,-0.008,9.794
-0.03,0.003,9.795
-0.043,0.003,9.787
-0.034,0.001,9.794
-0.036,-0.001,9.797
-0.036,-0.003,9.797
-0.029,-0.003,9.797
-0.031,-0.002,9.786
-0.034,0.008,9.792
-0.04,-0.005,9.789
-0.037,-0.002,9.797
-0.037,0.004,9.786
-0.038,-0.012,9.788
-0.037,0.007,9.788
-0.027,-0.008,9.799
-0.034,0.001,9.797
-0.025,-0.0,9.795
-0.04,-0.006,9.794
-0.036,0.003,9.788
-0.036,-0.014,9.793
-0.031,-0.009,9.798
-0.028,-0.002,9.794
-0.041,0.001,9.803
-0.035,0.002,9.796
-0.043,0.004,9.797
-0.028,-0.003,9.797
-0.036,-0.008,9.786
-0.04,0.003,9.788
-0.032,-0.008,9.795
-0.025,-0.007,9.804
-0.029,-0.003,9.797
-0.04,0.002,9.803
-0.037,-0.011,9.799
-0.031,0.001,9.792
-0.032,-0.002,9.794
-0.037,-0.012,9.797
-0.028,-0.008,9.795
-0.039,0.006,9.801
-0.033,-0.002,9.802
-0.038,-0.0,9.786
-0.038,-0.0,9.798
-0.039,-0.005,9.791
-0.032,-0.006,9.798
-0.041,-0.0,9.789
-0.035,-0.001,9.796
-0.03,-0.01,9.802
-0.026,-0.001,9.786
-0.03,-0.005,9.799
-0.028,-0.005,9.794
-0.028,-0.004,9.794
-0.031,-0.004,9.793
-0.034,-0.006,9.781
-0.034,0.006,9.79
-0.034,-0.007,9.802
-0.031,-0.013,9.795
-0.026,-0.005,9.791
-0.034,-0.007,9.796
-0.038,-0.006,9.794
-0.041,-0.004,9.794
-0.032,-0.003,9.792
-0.029,-0.014,9.801
-0.036,-0.006,9.785
-0.042,0.004,9.798
-0.028,-0.001,9.795
-0.036,-0.002,9.782
-0.032,-0.007,9.798
-0.031,-0.003,9.797
-0.042,-0.008,9.797
-0.034,-0.004,9.794
-0.033,-0.002,9.786
-0.028,-0.009,9.794
-0.037,-0.009,9.79
-0.027,0.004,9.8
-0.033,-0.002,9.792
-0.038,0.001,9.792
-0.024,-0.002,9.806
-0.034,-0.005,9.796
-0.035,-0.002,9.792
-0.034,-0.006,9.786
-0.041,-0.002,9.798
-0.028,-0.0,9.804
-0.033,-0.004,9.797
-0.028,-0.005,9.792
-0.042,-0.01,9.794
-0.043,-0.006,9.793
-0.031,-0.005,9.79
-0.037,-0.002,9.791
-0.037,-0.001,9.801
-0.036,-0.007,9.794
-0.023,-0.004,9.793
-0.031,-0.001,9.79
-0.032,-0.007,9.795
-0.042,-0.01,9.804
-0.032,0.001,9.792
-0.031,-0.003,9.805
-0.024,0.009,9.8
-0.039,-0.0,9.8
-0.029,0.001,9.801
-0.033,-0.011,9.796
-0.028,-0.003,9.796
-0.038,-0.009,9.805
-0.033,0.003,9.796
-0.038,-0.009,9.798
-0.036,0.002,9.793
-0.034,0.002,9.79
-0.038,0.004,9.796
-0.038,-0.003,9.798
-0.045,-0.016,9.79
-0.031,-0.011,9.793
-0.028,-0.005,9.794
-0.033,-0.006,9.799
-0.03,-0.008,9.792
-0.032,-0.004,9.79
-0.023,-0.004,9.795
-0.034,-0.01,9.793
-0.025,0.003,9.801
-0.032,-0.006,9.789
-0.027,0.001,9.796
-0.037,-0.009,9.801
-0.031,0.004,9.796
-0.036,-0.012,9.798
-0.028,-0.003,9.788
-0.035,0.001,9.789
-0.031,0.005,9.797
-0.037,0.001,9.794
-0.038,-0.004,9.792
-0.027,-0.012,9.784
-0.029,-0.005,9.795
-0.037,0.0,9.795
-0.038,-0.001,9.795
-0.033,-0.006,9.799
-0.023,-0.007,9.796
-0.042,-0.006,9.795
-0.032,-0.004,9.79
-0.031,-0.001,9.793
-0.033,0.003,9.791
-0.04,-0.004,9.793
-0.038,-0.003,9.795
-0.036,-0.0,9.795
-0.039,0.005,9.798
-0.028,-0.008,9.793
-0.031,-0.003,9.787
-0.038,-0.008,9.788
-0.028,0.0,9.801
-0.022,-0.015,9.787
-0.037,-0.002,9.793
-0.037,-0.006,9.798
-0.023,0.003,9.798
-0.032,-0.013,9.798
-0.044,0.001,9.799
-0.035,-0.005,9.79
-0.026,-0.003,9.795
-0.034,-0.011,9.794
-0.036,-0.005,9.793
-0.023,-0.005,9.792
-0.028,-0.01,9.792
-0.023,-0.005,9.787
-0.036,0.003,9.797
-0.037,-0.004,9.798
-0.037,-0.005,9.783
-0.039,-0.001,9.789
-0.026,-0.002,9.784
-0.038,-0.01,9.791
-0.032,-0.002,9.797
-0.028,-0.007,9.791
-0.036,-0.003,9.782
-0.033,-0.004,9.805
-0.037,0.004,9.8
-0.037,-0.003,9.793
-0.044,-0.004,9.788
-0.035,0.003,9.783
-0.032,0.004,9.794
-0.035,0.005,9.793
-0.036,-0.001,9.786
-0.04,-0.006,9.799
-0.038,0.002,9.797
-0.035,-0.002,9.808
-0.036,-0.003,9.793
-0.023,-0.004,9.787
-0.029,-0.004,9.799
-0.032,-0.003,9.806
-0.031,-0.008,9.793
-0.016,0.004,9.798
-0.042,-0.003,9.79
-0.025,-0.007,9.804
-0.034,0.004,9.8
-0.029,0.005,9.785
-0.038,-0.001,9.802
-0.028,0.0,9.795
-0.035,-0.009,9.794
-0.038,-0.005,9.8
-0.03,-0.002,9.796
-0.039,-0.004,9.798
-0.023,-0.004,9.794
-0.037,-0.004,9.809
-0.034,0.001,9.798
-0.03,-0.004,9.795
-0.035,-0.005,9.793
-0.036,0.001,9.795
-0.032,-0.002,9.787
-0.031,0.001,9.794
-0.039,-0.001,9.789
-0.036,-0.004,9.788
-0.036,-0.002,9.795
-0.03,-0.005,9.8
-0.037,0.003,9.789
-0.023,0.0,9.796
-0.031,0.002,9.791
-0.032,0.007,9.8
-0.028,-0.006,9.79
-0.03,-0.003,9.798
-0.032,-0.004,9.798
-0.04,-0.002,9.798
-0.03,-0.003,9.795
-0.034,0.001,9.791
-0.033,-0.005,9.791
-0.031,-0.003,9.796
-0.044,-0.001,9.79
-0.032,-0.0,9.796
-0.032,0.0,9.792
-0.03,-0.003,9.789
-0.034,-0.0,9.79
-0.033,0.002,9.804
-0.031,-0.007,9.797
-0.043,0.003,9.797
-0.04,0.007,9.805
-0.04,-0.008,9.791
-0.028,-0.001,9.799
-0.027,-0.016,9.788
-0.036,-0.001,9.79
-0.03,-0.005,9.797
-0.037,-0.007,9.792
-0.027,0.001,9.791
-0.028,-0.009,9.792
-0.026,0.003,9.789
-0.043,0.0,9.786
-0.033,-0.01,9.793
-0.034,-0.014,9.794
-0.032,-0.004,9.794
-0.033,-0.004,9.789
-0.04,-0.007,9.794
-0.034,-0.005,9.792
-0.032,0.002,9.791
-0.033,-0.016,9.799
-0.035,-0.005,9.798
-0.031,-0.005,9.787
-0.038,-0.002,9.792
-0.035,-0.005,9.793
-0.029,-0.007,9.797
-0.031,-0.005,9.796
-0.024,0.006,9.798
-0.037,-0.001,9.8
-0.042,-0.01,9.792
-0.028,0.002,9.793
-0.031,-0.005,9.797
-0.033,0.006,9.792
-0.034,-0.004,9.799
-0.036,-0.003,9.794
-0.029,-0.002,9.784
-0.033,0.005,9.795
-0.034,-0.005,9.792
-0.039,0.0,9.793
-0.029,-0.005,9.797
-0.03,0.0,9.792
-0.029,-0.014,9.794
-0.029,-0.003,9.791
-0.045,0.001,9.805
-0.035,-0.009,9.799
-0.034,-0.002,9.789
-0.028,-0.005,9.799
-0.028,-0.004,9.801
-0.031,-0.009,9.794
-0.035,-0.004,9.806
-0.033,-0.002,9.795
-0.032,0.0,9.792
-0.04,0.0,9.8
-0.027,0.002,9.787
-0.036,-0.006,9.791
-0.024,0.0,9.789
-0.031,0.007,9.792
-0.03,-0.009,9.787
-0.032,0.005,9.799
-0.041,-0.008,9.795
-0.02,-0.007,9.793
-0.029,-0.003,9.787
-0.039,0.002,9.793
-0.038,0.003,9.795
-0.035,-0.007,9.799
-0.022,-0.005,9.794
-0.036,-0.005,9.802
-0.036,0.002,9.791
-0.037,0.006,9.795
-0.027,-0.006,9.79
-0.028,0.001,9.794
-0.037,0.004,9.79
-0.032,-0.007,9.801
-0.04,-0.006,9.794
-0.026,-0.006,9.78
-0.033,-0.006,9.796
-0.044,-0.005,9.8
-0.027,0.003,9.797
-0.029,-0.005,9.792
-0.03,0.008,9.801
-0.035,-0.001,9.796
-0.03,0.0,9.792
-0.033,0.005,9.797
-0.03,0.004,9.792
-0.029,-0.004,9.795
-0.027,-0.004,9.793
-0.032,0.0,9.801
-0.043,-0.002,9.802
-0.022,-0.008,9.793
-0.035,0.002,9.789
-0.033,0.004,9.796
-0.029,-0.006,9.799
-0.036,0.001,9.8
-0.028,-0.007,9.791
-0.029,-0.002,9.789
-0.039,-0.011,9.79
-0.024,-0.01,9.795
-0.036,-0.007,9.801
-0.036,0.007,9.799
-0.032,0.001,9.803
-0.037,0.003,9.802
-0.038,0.001,9.793
-0.033,0.001,9.784
-0.04,-0.007,9.794
-0.03,-0.006,9.793
-0.031,-0.004,9.799
-0.027,-0.003,9.794
-0.02,-0.005,9.781
-0.025,-0.013,9.795
-0.027,-0.004,9.792
-0.037,0.001,9.793
-0.037,-0.01,9.797
-0.039,0.007,9.793
-0.03,0.004,9.801
-0.027,-0.001,9.791
-0.03,0.01,9.797
-0.025,-0.012,9.792
-0.035,0.001,9.794
-0.031,-0.01,9.796
-0.036,-0.009,9.792
-0.034,0.008,9.799
-0.031,0.003,9.795
-0.036,0.005,9.794
-0.034,0.008,9.793
-0.034,0.001,9.795
-0.033,-0.005,9.791
-0.034,0.002,9.792
-0.036,-0.009,9.788
-0.031,-0.006,9.794
-0.041,-0.007,9.791
-0.038,0.002,9.789
-0.035,-0.003,9.791
-0.036,-0.012,9.791
-0.033,-0.007,9.794
-0.035,-0.008,9.79
-0.04,-0.012,9.794
-0.035,-0.007,9.79
-0.035,-0.0,9.797
-0.032,-0.001,9.796
-0.028,-0.014,9.789
-0.038,-0.008,9.792
-0.024,0.004,9.801
-0.033,-0.007,9.788
-0.034,-0.003,9.786
-0.029,-0.003,9.794
-0.028,-0.005,9.795
-0.03,-0.004,9.807
-0.032,-0.005,9.796
-0.03,0.0,9.799
-0.03,-0.003,9.795
-0.031,-0.006,9.795
-0.032,-0.009,9.784
-0.03,-0.004,9.802
-0.036,-0.004,9.789
-0.032,0.001,9.79
-0.034,0.003,9.796
-0.03,0.002,9.793
-0.03,-0.013,9.788
-0.029,-0.001,9.791
-0.025,0.002,9.791
-0.033,-0.004,9.792
-0.03,0.005,9.787
-0.033,-0.013,9.793
-0.03,-0.008,9.801
-0.025,0.003,9.799
-0.03,0.0,9.795
-0.04,-0.011,9.788
-0.026,0.003,9.792
-0.037,-0.006,9.796
-0.038,-0.001,9.798
-0.033,-0.004,9.792
-0.026,0.005,9.794
-0.028,0.012,9.795
-0.033,-0.009,9.789
-0.038,-0.003,9.795
-0.022,0.0,9.79
-0.034,-0.002,9.796
-0.032,-0.004,9.802
-0.04,-0.004,9.792
-0.022,-0.002,9.789
-0.033,-0.0,9.793
-0.036,-0.006,9.788
-0.037,-0.002,9.799
-0.034,0.001,9.794
-0.027,-0.006,9.792
-0.035,0.002,9.793
-0.025,-0.007,9.791
-0.029,-0.004,9.799
-0.031,-0.01,9.795
-0.037,0.0,9.793
-0.031,0.001,9.795
-0.039,-0.001,9.782
-0.034,0.005,9.799
-0.029,-0.006,9.795
-0.036,-0.001,9.791
-0.039,0.004,9.802
-0.033,-0.005,9.795
-0.034,-0.002,9.789
-0.039,0.004,9.801
-0.031,-0.005,9.788
-0.033,-0.004,9.797
-0.03,0.004,9.794
-0.042,-0.001,9.787
-0.038,-0.005,9.789
-0.022,0.0,9.798
-0.031,-0.003,9.796
-0.03,-0.002,9.797
-0.036,-0.001,9.794
-0.033,0.0,9.791
-0.031,-0.001,9.795
-0.03,-0.008,9.796
-0.028,0.003,9.796
-0.028,-0.005,9.791
-0.03,-0.005,9.786
-0.03,-0.006,9.798
-0.035,-0.008,9.787
-0.023,-0.003,9.799
-0.037,-0.002,9.794
-0.04,-0.009,9.795
-0.024,-0.007,9.796
-0.032,-0.003,9.789
-0.031,-0.005,9.8
-0.042,-0.008,9.783
-0.032,-0.002,9.786
-0.035,0.004,9.794
-0.034,0.004,9.795
-0.033,-0.002,9.794
-0.031,-0.004,9.797
-0.038,-0.002,9.798
-0.023,0.001,9.797
-0.041,-0.009,9.791
-0.023,-0.003,9.793
-0.039,-0.008,9.793
-0.03,0.005,9.787
-0.029,-0.003,9.797
-0.021,0.003,9.791
-0.035,-0.007,9.797
-0.036,-0.01,9.792
-0.027,0.001,9.796
-0.026,-0.001,9.795
-0.033,-0.001,9.797
-0.037,0.008,9.797
-0.031,-0.009,9.797
-0.03,-0.002,9.791
-0.035,-0.001,9.793
-0.03,0.001,9.795
-0.03,0.008,9.803
-0.038,-0.007,9.792
-0.025,0.003,9.795
-0.029,-0.004,9.793
-0.033,-0.001,9.792
-0.032,-0.004,9.8
-0.026,0.005,9.798
-0.035,-0.003,9.791
-0.043,0.003,9.793
-0.042,0.0,9.799
-0.028,-0.001,9.791
-0.031,-0.003,9.793
-0.037,0.002,9.795
-0.023,-0.006,9.791
-0.036,-0.006,9.794
-0.03,-0.006,9.795
-0.039,-0.001,9.789
-0.024,-0.001,9.804
-0.038,-0.001,9.795
-0.029,0.0,9.794
-0.032,-0.006,9.803
-0.032,-0.002,9.8
-0.033,0.007,9.787
-0.044,-0.006,9.795
-0.029,0.002,9.79
-0.042,-0.008,9.793
-0.03,-0.009,9.785
-0.027,-0.0,9.794
-0.028,-0.002,9.793
-0.028,-0.01,9.804
-0.04,-0.004,9.791
-0.032,-0.004,9.808
-0.033,-0.008,9.791
-0.034,-0.003,9.803
-0.037,-0.002,9.794
-0.029,-0.008,9.798
-0.036,-0.009,9.797
-0.031,-0.006,9.788
-0.036,-0.01,9.785
-0.032,-0.001,9.79
-0.034,-0.007,9.787
-0.039,-0.001,9.8
-0.029,-0.008,9.798
-0.031,0.003,9.797
-0.036,-0.0,9.787
-0.031,-0.006,9.79
-0.032,-0.016,9.802
-0.032,0.008,9.791
-0.035,0.001,9.797
-0.023,-0.009,9.795
-0.031,-0.011,9.796
-0.029,-0.01,9.792
-0.029,-0.004,9.794
-0.042,-0.003,9.792
-0.03,-0.001,9.793
-0.023,0.006,9.788
-0.033,-0.001,9.79
-0.043,0.0,9.786
-0.031,-0.0,9.801
-0.029,0.008,9.803
-0.026,-0.001,9.783
0.086,0.109,6.795
1.662,0.687,6.552
2.923,1.578,10.646
4.547,1.455,11.257
2.801,1.573,12.088
0.059,-0.167,11.999
0.287,-1.721,12.397
0.395,-3.055,11.363
1.422,-4.227,11.784
1.235,-0.84,2.209
1.242,0.83,8.728
0.727,1.388,13.897
2.437,2.123,8.611
1.157,3.735,5.646
0.831,-0.013,8.024
0.099,-1.749,9.399
-1.666,-1.651,10.851
-1.352,-1.225,11.785
-1.072,0.994,10.716
-0.564,1.783,11.204
-0.763,2.072,7.941
-9.195,-8.051,18.506
-5.193,-4.301,6.388
-1.194,-0.492,0.001
-0.775,-1.779,1.688
0.851,-0.137,12.069
2.566,3.369,16.606
1.583,4.792,17.104
-0.854,3.533,10.671
-0.674,2.076,10.587
-1.052,-1.6,10.323
0.811,-1.79,8.354
-0.044,-0.16,6.275
0.451,-0.649,8.343
-0.302,2.039,14.027
1.059,1.328,12.487
1.116,0.699,4.341
-1.657,2.038,4.444
-1.936,0.796,10.504
0.175,1.289,12.362
1.731,1.493,11.096
2.03,-1.17,10.83
1.857,-4.636,8.318
0.304,-3.141,8.591
-0.635,-0.8,7.432
-0.896,0.991,7.884
-0.701,1.867,10.1
-2.779,1.021,10.306
-13.911,-9.203,21.208
-7.553,-4.339,9.708
-1.097,-1.286,0.777
-1.152,-0.689,0.502
1.152,-0.291,4.045
2.523,2.293,15.021
4.273,5.701,17.782
1.847,4.692,14.103
-0.431,3.479,12.51
-0.83,0.12,10.547
-0.673,-2.491,10.916
-0.813,-0.975,8.008
-0.079,-0.878,7.093
1.548,-0.329,9.735
2.325,0.505,10.923
3.467,-0.723,9.824
-0.512,-1.718,9.096
-0.887,1.406,10.111
0.408,0.226,5.931
0.046,0.855,4.746
1.115,1.727,7.635
0.354,-0.163,11.665
-0.989,-1.226,12.444
-0.111,-1.044,12.376
-0.849,-0.809,11.071
-0.346,0.785,8.688
-0.006,1.115,8.718
0.375,0.195,7.551
-6.412,-8.42,17.325
-4.193,-2.518,3.484
-1.577,-0.846,0.649
-0.517,-0.749,6.637
0.127,1.185,15.855
0.973,4.229,17.656
-0.977,2.948,14.302
-1.163,2.373,12.394
-1.125,-0.463,10.376
-0.989,-2.0,8.955
1.698,-0.529,5.363
1.148,0.06,6.402
1.831,1.117,8.84
1.238,2.908,14.1
0.405,0.719,11.821
0.277,0.243,5.212
-1.403,1.165,7.969
-1.038,1.953,11.701
-1.173,-0.161,10.016
1.046,0.528,9.654
0.723,-1.705,9.444
0.967,-3.614,8.059
-0.187,-1.93,7.131
-0.172,-0.384,7.277
-0.485,1.5,8.652
-0.703,2.38,11.154
-2.161,0.593,11.859
-11.328,-6.271,19.803
-8.877,-5.344,11.004
-1.72,-1.377,1.009
-0.31,-0.569,-0.35
1.318,-0.13,6.026
3.234,2.273,15.846
3.797,5.614,17.505
1.447,3.788,11.995
-1.366,3.368,12.129
-0.933,-0.908,11.121
-0.842,-2.826,8.817
0.497,-1.844,8.668
0.053,-1.301,7.775
1.358,0.312,8.181
3.183,1.083,10.693
3.355,0.522,11.588
-0.589,-2.917,9.639
0.046,-2.051,4.24
-0.451,0.223,7.865
0.26,-0.623,7.963
0.614,2.101,10.492
-0.407,2.387,12.219
-0.369,1.399,12.129
-1.302,0.093,11.606
-0.715,-1.119,10.512
-0.818,-1.547,8.524
0.991,0.029,9.11
1.581,0.776,8.234
-3.037,-3.414,14.493
-4.071,-5.774,7.693
-1.523,-0.17,1.272
0.485,0.362,4.921
1.401,0.798,16.334
-2.103,1.832,14.723
-2.256,2.484,15.228
-0.874,1.434,11.901
-1.154,-0.134,9.67
0.093,-1.775,9.019
0.276,-1.397,6.385
0.324,0.085,5.502
1.555,2.31,8.656
-0.42,4.023,14.85
-0.876,1.043,10.269
-1.035,1.076,5.176
-0.443,0.28,6.204
-0.603,1.447,14.496
0.803,-2.359,11.945
1.737,-0.325,11.426
1.108,-1.056,9.236
0.631,-2.249,6.286
0.979,-2.265,6.213
0.699,-0.818,7.36
-1.055,1.044,8.684
-0.935,2.084,10.752
-1.015,2.033,11.984
-9.59,-4.222,18.215
-9.38,-4.368,13.618
-3.15,-2.989,2.373
-0.106,0.057,-0.349
1.027,-0.524,4.425
2.185,-0.084,14.126
3.512,3.763,17.413
1.228,4.018,12.727
-0.175,3.871,12.317
-1.689,0.792,10.678
-0.429,-2.729,10.144
0.265,-2.554,8.315
-0.036,-1.232,7.665
0.749,-0.077,8.745
2.524,-0.713,12.984
2.473,0.516,13.904
0.493,0.283,5.87
1.501,0.692,4.853
-1.341,3.085,7.69
-0.078,-0.131,6.174
1.166,-0.842,10.304
-0.021,-1.278,12.763
-1.649,-0.704,11.506
0.365,-0.16,12.07
-0.254,0.754,9.832
-0.061,0.844,9.013
-0.143,0.807,5.62
-2.381,-1.945,9.532
-10.179,-7.496,19.001
-5.253,-3.186,5.472
-1.443,-1.514,1.39
0.548,0.568,2.934
2.281,1.407,14.811
3.741,4.64,17.107
1.032,4.095,12.941
-0.87,2.839,11.819
-0.923,0.528,9.413
-1.03,-2.252,9.497
0.133,-2.59,8.526
0.432,-1.399,8.059
-0.065,-0.0,8.222
1.164,1.026,10.567
3.292,0.617,8.543
1.459,-0.589,13.932
1.016,0.587,7.924
1.6,0.922,7.022
-0.467,-0.614,8.869
-0.889,-1.204,8.901
-2.181,-1.143,10.959
-1.739,-0.55,10.587
-1.055,0.91,11.062
-1.276,1.976,10.93
0.406,1.516,10.965
0.445,0.827,10.129
1.192,-0.292,8.968
-1.799,-3.689,12.201
-3.298,-4.306,9.639
-1.325,-2.136,1.703
-0.429,-1.085,3.122
0.36,0.845,11.259
1.152,2.569,16.371
0.271,3.353,15.134
-0.677,2.023,10.143
-0.083,1.665,9.362
0.165,0.11,8.414
0.06,-1.354,8.225
-0.189,-2.034,7.378
0.415,-1.582,10.017
-0.213,-0.871,11.187
1.174,0.112,12.264
1.348,3.355,12.163
1.877,2.995,6.843
1.437,-0.172,6.209
-1.326,-0.754,9.627
-1.961,-2.322,10.509
-1.762,-2.643,11.218
-1.291,-0.933,10.992
-0.875,0.905,9.231
0.624,2.318,10.24
0.446,2.447,9.484
0.226,1.105,9.278
-0.282,-0.529,9.345
1.867,-2.223,9.712
0.208,-1.603,11.995
-1.697,-4.553,12.415
-0.242,-1.401,1.653
-0.714,0.416,6.971
-1.09,0.808,12.708
-0.94,2.039,13.021
-0.914,2.927,13.26
-0.108,1.453,9.688
0.359,0.435,8.419
-0.462,-1.493,7.545
0.425,-1.952,8.328
0.184,-1.393,9.66
-0.191,-0.288,10.899
-0.126,3.36,14.069
-3.444,4.322,13.534
-1.668,1.721,3.332
-1.287,2.174,3.014
-0.232,0.032,7.532
0.21,-1.89,13.436
1.101,-3.54,15.717
-0.008,-3.005,11.124
0.198,-2.285,9.974
0.116,-0.259,10.026
-0.057,1.563,7.617
0.138,1.981,7.298
0.477,1.332,8.474
-0.15,0.778,10.474
0.302,0.076,12.4
-0.738,-1.147,12.109
0.759,-4.271,11.405
1.217,-0.551,4.514
0.385,-0.12,8.056
-1.06,1.259,10.469
-1.033,2.008,11.948
-1.75,2.212,11.37
-0.369,0.892,9.514
0.111,-0.867,9.457
-0.098,-1.731,8.319
0.634,-1.743,9.219
0.203,-0.992,9.825
0.598,0.261,10.421
2.269,0.752,10.574
0.315,2.445,12.132
0.445,4.493,6.392
0.409,0.377,7.228
-0.758,-0.879,10.057
-1.765,-1.987,11.56
-1.868,-2.661,11.573
-2.236,-1.52,10.58
-0.533,0.419,9.408
0.197,1.944,8.63
0.119,1.88,7.845
1.358,1.142,9.52
0.307,-0.004,11.436
0.788,-1.16,11.109
-1.337,-3.573,13.898
-3.345,-4.875,10.008
-1.114,-1.955,1.307
-0.779,-0.862,3.156
0.995,1.51,13.116
0.584,3.033,16.088
-1.198,2.973,12.934
-1.06,2.14,10.509
0.432,1.729,10.755
0.431,-0.862,8.06
-0.673,-2.363,6.781
0.375,-1.395,6.811
0.661,-0.555,9.891
-0.147,-0.148,11.603
1.277,1.109,12.865
-1.197,3.685,12.45
0.593,1.382,3.465
0.603,0.263,8.972
-0.949,-1.281,11.087
-2.006,-1.133,12.511
-1.695,-1.744,10.403
-0.065,-1.624,10.667
0.437,-0.424,8.885
0.886,0.884,7.025
0.849,1.466,7.686
0.226,1.362,9.323
-0.363,0.539,9.878
0.372,-0.319,11.677
1.299,-0.351,11.455
-1.968,-4.804,13.882
0.086,-1.431,1.136
0.007,-0.826,8.723
-0.821,1.319,11.274
-1.16,1.87,13.29
-1.745,2.025,12.797
-0.623,0.994,10.761
-0.272,-0.397,8.187
-0.536,-1.365,7.754
0.638,-1.166,7.917
-0.161,-0.877,9.266
0.383,0.036,10.981
1.027,1.918,13.693
-4.564,4.565,14.704
-0.328,1.491,1.868
-0.919,2.011,3.607
-0.497,-0.244,9.814
-0.085,-1.971,13.281
0.971,-3.171,14.38
-0.904,-2.974,10.997
1.305,-2.171,10.063
0.096,0.294,7.754
0.239,1.977,7.503
0.445,2.215,8.167
0.017,1.685,9.599
-0.055,0.367,11.252
0.206,-0.283,12.175
0.442,-0.774,10.668
0.455,-1.304,10.806
0.019,-1.418,5.068
0.406,-1.268,8.567
0.22,1.634,9.252
0.232,2.702,10.253
-1.138,1.999,11.2
-0.646,0.265,10.544
-1.13,-1.718,10.259
-0.916,-2.802,11.52
-0.231,-1.911,10.685
0.242,-0.47,10.264
0.836,1.048,8.79
0.688,2.833,11.092
-1.312,4.774,10.796
-0.326,0.648,2.234
-0.857,0.263,7.986
-0.589,-1.743,11.6
-0.384,-1.498,14.73
-1.085,-1.47,12.105
0.022,-1.017,9.633
0.623,-1.219,7.79
0.418,0.136,6.766
0.842,0.936,7.951
-0.051,1.375,9.54
-0.095,0.975,11.214
0.14,0.382,11.89
-1.9,-1.108,13.187
-3.377,-4.54,10.091
-0.185,-0.413,1.144
0.71,-0.775,9.647
0.106,1.089,11.79
0.828,1.833,13.972
-0.899,2.827,11.372
0.345,2.361,9.482
-0.241,0.309,8.393
-0.296,-1.433,7.322
-0.277,-2.326,8.118
-0.059,-1.802,10.232
-0.151,-0.766,11.753
0.835,0.336,11.965
1.477,1.739,13.043
0.146,3.232,7.669
-0.004,0.989,4.756
-0.243,0.138,7.965
-1.287,-1.08,10.697
-1.14,-2.456,11.356
-1.835,-2.218,10.848
-0.098,-0.142,9.998
0.526,1.51,10.394
0.205,1.974,9.096
0.49,1.504,10.234
-0.081,0.332,9.577
0.443,-0.779,10.347
1.172,-0.899,10.612
-1.298,-2.518,13.393
-0.547,-3.581,4.464
0.027,0.594,4.82
-0.206,0.499,11.054
-0.946,1.25,13.237
-1.143,1.423,13.495
-1.413,1.032,11.454
-0.123,0.559,9.187
0.283,-0.483,7.221
-0.166,-1.196,7.175
0.175,-0.691,7.191
0.41,-0.201,10.528
1.397,1.339,11.944
0.251,-1.156,13.341
-0.98,4.958,12.132
-0.533,1.618,1.164
-0.243,0.331,8.862
-1.105,-1.123,11.801
-1.19,-2.18,13.539
-1.188,-1.917,12.339
-0.702,-0.893,9.516
-0.387,-0.389,6.885
1.176,1.011,8.673
1.118,1.155,7.894
-0.136,1.142,9.032
0.089,0.363,10.895
0.004,-0.149,11.401
-1.536,-0.962,13.225
-3.509,-3.244,13.514
-0.469,-1.504,1.032
0.956,-0.254,6.405
0.151,0.415,10.944
0.321,1.504,13.413
0.074,3.237,11.162
-0.333,2.773,11.198
-0.214,0.819,9.615
-0.443,-1.897,8.145
-0.254,-2.784,8.073
-0.015,-2.254,9.388
-0.193,-0.802,10.363
0.891,0.702,12.103
2.811,0.699,11.193
1.294,2.631,12.199
-0.487,0.775,7.073
0.16,0.594,6.442
-0.791,-1.323,6.081
0.705,-2.156,7.695
-0.257,-1.772,11.162
-0.544,-0.292,11.955
-0.642,1.286,11.9
-1.582,2.26,11.682
-0.623,1.975,11.383
-0.255,0.894,10.398
0.442,-0.323,9.302
1.096,-1.31,9.416
-1.922,-3.436,13.075
-2.239,-3.925,5.407
-0.782,-0.273,2.037
-0.388,0.275,9.7
0.41,0.781,13.3
0.139,1.722,14.196
-1.534,2.264,13.393
-0.159,1.914,9.829
0.115,0.419,7.82
0.356,-1.036,7.269
0.388,-1.638,7.366
0.085,-1.046,8.923
0.363,-0.587,10.77
0.543,0.144,11.922
0.046,3.742,14.602
-0.561,2.434,4.966
-0.047,0.219,7.178
-0.866,-0.442,10.214
-1.425,-1.318,11.949
-0.762,-1.538,12.029
-0.825,-1.798,9.638
0.446,-0.87,8.18
0.273,0.341,8.237
1.064,1.137,7.846
0.048,1.39,9.404
-0.211,0.847,11.053
0.036,0.15,11.756
0.436,-0.045,11.612
-2.236,-4.278,14.775
-0.276,-2.03,0.452
-0.416,-0.082,5.407
-0.992,-0.235,11.442
-0.811,1.196,13.778
-0.737,2.313,13.319
-0.227,1.412,11.522
-0.123,0.407,8.838
0.261,-0.983,8.396
-0.146,-1.503,7.634
0.266,-0.831,8.289
0.336,-0.073,9.838
0.58,0.518,10.596
0.535,1.863,13.005
-1.278,4.004,12.244
-0.217,0.924,2.541
-0.702,-0.017,8.036
-1.47,-1.316,11.65
-0.42,-1.948,14.032
-0.538,-1.949,12.293
-0.027,-1.23,8.81
0.739,-0.545,7.15
0.44,1.017,7.61
0.05,1.629,8.162
-0.261,1.182,8.954
0.286,0.203,12.167
0.264,-0.056,12.933
-3.548,-2.551,14.059
-2.605,-2.772,5.872
-0.954,-2.461,3.112
0.814,-0.491,8.76
0.99,1.174,12.293
1.044,3.077,12.683
-0.889,2.928,12.979
0.283,2.779,10.74
-0.001,-0.278,8.311
-0.507,-2.378,7.589
-1.336,-2.688,7.257
1.108,-0.958,9.173
0.085,-0.337,11.361
0.586,0.266,13.205
1.11,1.483,11.098
1.92,4.035,9.265
1.616,0.92,5.839
-0.116,-0.537,8.07
-1.493,-1.708,10.774
-1.849,-2.438,11.173
-1.776,-1.744,11.429
-1.61,-0.525,9.223
0.242,1.942,8.792
0.755,2.18,9.924
0.775,1.745,9.815
0.407,0.501,9.816
0.349,-0.87,9.692
-0.317,-3.116,10.834
-3.299,-4.451,15.395
-1.756,-1.437,2.706
-0.29,-0.097,3.265
-0.963,0.477,10.145
-0.12,1.068,13.017
1.124,3.096,14.262
0.717,2.61,12.045
-0.123,2.112,8.938
-0.314,-0.287,7.723
-0.076,-1.911,7.84
-0.456,-2.421,8.241
0.17,-1.426,11.089
0.118,-0.323,12.125
0.074,2.058,13.853
-2.016,3.336,10.301
-0.671,1.441,1.942
0.62,1.103,9.408
-0.084,-1.076,10.308
-0.246,-1.925,13.309
-1.009,-2.149,12.248
-0.508,-1.461,9.799
0.562,-0.946,7.024
0.792,0.765,8.109
0.155,1.692,7.997
0.081,1.55,9.559
-0.22,0.668,10.751
0.221,0.098,12.232
0.94,0.21,12.178
-0.977,-2.63,12.299
1.036,-1.899,4.659
0.681,-0.786,6.252
-0.475,0.795,9.43
-0.425,2.716,9.937
-1.269,2.953,11.063
-1.424,0.939,11.06
-0.128,-1.482,11.375
0.192,-2.563,11.281
-0.341,-2.634,9.636
-0.28,-0.965,8.858
0.774,0.773,9.492
1.963,1.196,10.584
2.182,0.748,8.149
0.389,5.145,11.341
1.105,0.976,6.71
-0.352,-0.545,9.108
-2.179,-1.489,9.867
-2.044,-1.592,12.754
-2.315,-1.905,12.577
-0.703,-0.021,9.016
0.176,1.102,8.866
0.732,1.508,7.754
0.355,1.141,7.637
0.668,-0.047,10.186
0.225,-0.709,10.889
-0.645,-2.089,12.795
-6.448,-4.984,14.227
-2.162,-1.762,1.813
-1.104,-1.794,2.655
0.217,-0.782,7.597
1.946,2.435,15.081
0.913,3.985,15.969
-0.705,3.28,11.893
-0.218,2.378,10.7
0.033,-0.589,9.789
-0.306,-2.256,9.145
0.101,-2.223,7.673
-0.407,-1.204,7.559
0.846,-0.166,9.376
0.237,-0.024,10.525
2.665,-1.105,12.701
1.867,2.701,10.456
1.102,2.192,5.298
0.887,1.027,7.414
-0.295,-1.31,9.822
-1.352,-2.552,10.769
-2.409,-1.78,12.134
-2.065,-0.631,10.16
-0.112,2.025,10.688
-4.179,4.19,12.288
-5.527,4.602,10.174
-8.427,-4.13,14.839
-4.009,-2.899,7.291
-1.59,-1.946,5.274
0.556,-2.664,5.534
1.913,-3.553,7.007
2.634,-1.952,13.23
2.864,2.351,13.97
1.962,3.79,10.419
1.28,3.667,7.051
0.3,0.652,6.245
-0.886,-2.608,8.719
-1.902,-2.567,11.771
-2.061,-0.977,12.502
-1.253,1.257,10.702
-0.061,2.168,8.557
0.881,1.302,8.002
1.247,-0.274,9.13
1.139,-1.349,10.528
0.752,-1.261,10.937
0.192,-0.299,10.255
-0.434,0.672,9.354
-0.934,0.97,9.066
-1.118,0.527,9.469
-0.875,-0.196,10.033
-0.32,-0.628,10.252
0.299,-0.518,10.014
0.707,-0.058,9.658
0.778,0.331,9.508
0.546,0.403,9.631
0.148,0.174,9.86
-0.247,-0.134,9.962
-0.547,-0.279,9.9
-0.651,-0.189,9.778
-0.565,0.025,9.704
-0.305,0.176,9.731
0.038,0.178,9.795
0.327,0.045,9.845
0.455,-0.104,9.835
0.397,-0.133,9.801
0.161,-0.066,9.751
-0.117,0.043,9.759
-0.333,0.111,9.79
-0.424,0.086,9.817
-0.382,0.011,9.813
-0.223,-0.057,9.801
-0.025,-0.067,9.781
0.158,-0.022,9.785
0.231,0.028,9.771
0.231,0.061,9.786
0.119,0.05,9.788
-0.046,0.0,9.811
-0.187,-0.033,9.799
-0.276,-0.033,9.796
-0.264,-0.017,9.783
-0.175,0.015,9.794
-0.06,0.03,9.803
0.041,0.015,9.789
0.118,-0.008,9.795
0.13,-0.007,9.785
0.065,-0.007,9.786
-0.037,0.0,9.792
-0.116,0.004,9.791
-0.175,0.019,9.802
-0.19,-0.001,9.792
-0.144,0.007,9.79
-0.069,-0.005,9.797
0.001,0.004,9.789
0.05,0.005,9.797
0.062,-0.004,9.802
0.026,0.004,9.797
-0.024,0.007,9.789
-0.086,0.009,9.787
-0.132,-0.001,9.798
-0.131,-0.001,9.787
-0.113,0.003,9.797
0.053,0.165,6.508
0.791,1.005,7.354
1.644,0.99,10.41
3.117,0.519,11.045
3.385,1.212,11.639
1.99,-0.344,12.441
-0.365,-1.64,11.47
-0.798,-1.989,10.354
0.556,-1.427,9.189
2.305,-2.095,5.102
-0.127,1.067,8.57
-0.927,3.325,12.48
0.337,2.757,10.342
0.469,1.346,11.35
-0.329,-1.274,7.861
-0.246,-1.554,8.966
-0.568,-1.264,9.643
-1.297,-0.475,9.244
-0.269,0.897,10.649
0.319,1.668,10.905
0.616,1.62,10.703
-1.201,-3.211,12.721
-1.836,-6.27,6.568
-1.384,-1.529,1.398
-0.906,-1.289,3.414
-1.141,-1.431,12.995
-0.652,1.229,17.921
-1.164,2.397,17.291
-0.503,2.456,13.188
-0.464,1.165,11.383
-1.0,-1.129,10.357
0.142,-0.777,6.241
1.154,-0.401,5.76
0.079,1.419,8.557
-4.038,4.202,12.456
-3.107,4.688,10.059
-2.759,1.42,3.882
-2.448,2.168,1.014
-0.846,1.431,4.131
1.44,-0.655,15.38
3.059,-5.185,16.439
3.166,-2.897,12.92
2.152,-2.755,10.721
1.094,-1.244,10.14
-0.627,0.982,9.659
-1.052,1.789,10.503
-1.055,2.636,9.138
-1.212,2.242,9.484
-1.381,0.982,7.081
0.026,0.621,6.396
0.681,-3.667,4.96
0.693,-5.788,11.448
0.701,-1.271,13.704
0.332,1.951,14.31
-1.037,2.803,14.339
-2.095,2.343,13.679
-0.93,-0.348,10.328
-0.242,-1.811,7.676
0.702,-0.671,6.21
1.239,-0.579,6.124
1.548,0.745,8.63
1.958,1.079,11.27
1.849,0.781,11.102
0.384,2.484,11.86
-1.774,2.819,4.619
-1.884,0.858,6.313
-3.084,-0.266,9.041
-2.329,-0.2,11.539
-0.904,-0.797,12.368
-0.158,-1.235,9.853
1.356,-1.45,8.917
1.549,-0.965,8.323
2.208,0.011,9.663
1.757,0.352,11.042
0.886,0.949,11.818
-0.114,0.469,10.514
-4.974,-7.399,17.318
-4.978,-1.574,4.578
-1.651,-1.04,0.605
-0.9,-1.405,2.7
-0.365,-1.175,12.659
-0.404,0.898,15.577
0.348,2.39,16.676
0.61,3.441,12.162
-0.224,2.884,12.457
-0.854,-1.064,10.436
-0.856,-1.917,7.304
0.375,0.77,5.823
-0.361,0.633,9.555
-2.398,2.456,10.526
-3.118,3.513,11.655
-2.459,3.316,5.878
-3.094,1.544,1.278
-1.658,1.98,2.175
0.321,-0.344,12.409
3.24,-2.897,14.993
4.007,-3.321,15.547
3.268,-3.347,12.815
1.33,-2.525,10.356
-0.575,-0.225,9.988
-0.972,2.269,9.561
-0.779,2.436,9.503
-1.855,2.471,9.119
-1.214,1.08,7.672
-2.092,0.204,6.933
-4.174,-3.391,9.617
-0.694,-7.157,7.335
0.291,-0.437,5.102
-2.794,1.77,21.067
-2.332,2.392,20.045
-2.832,1.151,13.621
-0.763,0.442,7.086
0.271,0.301,4.142
0.311,-0.225,2.701
0.287,-0.1,5.542
1.106,-0.983,10.007
1.528,-1.304,13.151
1.417,-0.608,12.732
0.731,0.314,10.014
-0.293,0.847,7.776
-1.188,0.715,7.725
-1.487,0.147,9.376
-1.128,-0.397,10.956
-0.399,-0.564,11.207
0.32,-0.344,10.266
0.775,0.037,9.178
0.91,0.28,8.845
0.774,0.283,9.352
0.459,0.101,10.077
0.016,-0.102,10.392
-0.441,-0.168,10.158
-0.76,-0.108,9.699
-0.801,0.005,9.43
-0.517,0.064,9.514
-0.046,0.044,9.798
0.41,-0.018,10.002
0.656,-0.052,9.992
0.621,-0.026,9.831
0.369,0.01,9.67
0.008,0.039,9.629
-0.283,0.032,9.74
-0.455,-0.026,9.857
-0.452,-0.058,9.91
-0.313,-0.07,9.849
-0.084,-0.029,9.767
0.15,0.019,9.72
0.334,0.056,9.744
0.374,0.034,9.795
0.288,-0.003,9.843
0.101,-0.035,9.837
-0.107,-0.062,9.799
-0.25,-0.044,9.765
-0.296,0.001,9.764
-0.235,0.026,9.78
-0.099,0.029,9.811
0.056,0.01,9.813
0.163,-0.022,9.8
0.21,-0.02,9.776
0.178,-0.023,9.77
0.09,-0.015,9.783
-0.029,0.007,9.797
-0.127,0.001,9.808
-0.169,0.006,9.805
-0.16,-0.001,9.788
-0.098,-0.019,9.79
0.008,-0.015,9.78
0.078,-0.011,9.795
0.12,-0.01,9.796
0.111,-0.007,9.808
0.073,0.001,9.791
0.013,0.001,9.792
-0.061,-0.003,9.799
-0.094,-0.007,9.792
-0.113,-0.011,9.803
-0.064,-0.005,9.794
-0.022,-0.004,9.79
0.03,-0.011,9.789
0.07,-0.01,9.795
0.074,-0.006,9.797
0.059,-0.008,9.803
0.35,-0.007,7.13
1.998,0.167,5.24
2.934,1.479,9.852
3.664,1.954,10.913
4.955,1.388,15.549
1.439,-0.21,9.723
1.869,-1.426,8.468
0.319,-2.182,8.304
-0.723,-8.486,15.5
-0.418,-3.42,3.706
0.63,-0.418,0.752
-0.08,2.948,12.964
-0.438,3.073,18.321
-1.069,1.018,15.893
-1.357,2.726,11.115
-1.023,1.994,8.563
-0.37,0.581,8.598
-0.06,-0.185,8.815
0.09,-1.99,7.736
1.81,-2.705,9.636
3.423,-1.771,11.824
2.482,1.708,10.01
0.325,-0.557,10.646
-1.348,0.018,7.122
-2.355,-1.546,9.401
-0.495,-0.318,6.544
0.934,-0.05,7.301
0.304,0.967,10.234
0.844,1.674,9.905
0.473,1.027,10.519
-1.15,-0.046,9.858
-0.045,-0.648,10.454
-0.432,-1.649,10.282
-0.544,-1.294,9.183
-6.561,5.64,15.527
-6.83,5.408,10.505
-3.722,2.049,2.205
-0.903,1.202,0.792
1.355,1.269,7.275
2.797,-2.428,16.781
2.62,-5.609,16.675
-2.021,-3.629,13.609
0.125,-2.747,11.408
-1.267,0.536,9.711
-0.767,2.172,8.567
0.206,1.682,6.704
0.811,0.455,7.756
0.662,-0.333,9.839
0.412,-1.619,13.446
-1.01,-0.844,10.5
0.417,-1.83,5.557
0.48,-1.113,7.676
-0.605,0.287,11.141
-0.995,-0.131,12.41
1.21,1.566,9.995
-0.043,2.362,9.01
1.541,2.141,8.288
0.932,0.3,8.261
0.027,-1.145,7.708
-1.695,-2.143,8.17
-0.225,-1.77,10.335
-0.471,-0.959,11.397
-2.822,3.425,15.104
-5.577,4.359,10.956
-2.457,2.683,2.619
0.089,0.254,6.399
1.795,-0.575,13.853
1.683,-2.954,15.149
-1.079,-3.02,11.583
0.523,-2.948,9.942
-0.477,-0.228,8.243
0.144,0.901,8.372
0.037,1.444,7.446
0.238,0.867,8.476
-0.617,0.403,10.107
0.228,-0.04,12.077
-2.86,-1.734,15.247
-1.084,-1.547,7.306
-0.002,-1.253,4.921
-0.137,-0.843,7.538
-1.022,-0.535,12.88
1.506,1.886,11.683
1.193,2.769,11.465
1.668,2.86,8.362
1.13,1.158,6.943
0.123,-0.99,7.236
-0.875,-1.429,7.549
-0.52,-2.91,11.054
-0.202,-1.467,12.654
0.119,-0.333,13.151
-0.372,1.442,9.694
-0.474,4.765,9.923
1.364,0.898,6.437
0.23,0.174,10.099
-1.53,-1.346,10.884
-1.795,-1.873,10.714
-1.545,-1.969,12.501
-1.179,-1.156,9.773
0.346,0.265,7.997
0.656,1.514,8.039
0.93,1.606,8.534
0.15,0.795,9.328
0.445,-0.439,10.977
-3.092,-3.21,16.365
-3.537,-2.509,8.653
-1.506,-2.45,4.184
-0.421,-1.743,4.363
0.087,0.961,10.352
-0.949,1.499,13.172
2.121,2.749,14.025
1.835,2.278,10.336
0.765,2.605,7.372
0.861,1.307,7.983
0.133,-1.026,8.351
-0.438,-2.744,9.01
-0.838,-2.941,10.875
-0.589,-1.825,11.626
0.189,-0.174,12.367
0.841,2.633,13.545
-0.041,2.183,7.8
-0.073,1.134,4.791
-0.485,0.478,8.14
-0.515,-1.184,8.633
-0.069,-2.387,11.171
-0.63,-1.964,11.967
-1.104,-0.242,9.922
-0.181,1.352,11.545
-0.353,2.19,11.004
0.171,1.577,10.075
0.449,0.36,8.871
1.289,-1.028,9.222
-1.959,-3.453,13.753
-2.715,-3.442,9.309
-0.572,-0.382,1.83
0.15,-0.676,9.248
-0.129,1.781,10.107
0.335,1.818,13.218
0.307,2.997,12.577
-0.18,1.58,10.12
0.856,1.132,7.724
0.739,-0.775,7.284
0.102,-2.127,7.869
-0.669,-2.188,9.054
-0.211,-1.342,11.994
0.305,-0.214,12.554
0.998,-0.144,11.689
1.972,1.062,10.8
2.067,2.583,7.122
0.993,1.218,6.792
0.276,-0.851,7.484
-1.242,-2.533,9.601
-2.608,-2.607,10.42
-2.325,-0.908,13.065
-0.942,1.641,12.29
-0.739,3.357,11.257
-0.426,3.186,9.13
0.872,0.611,9.172
0.534,-1.098,8.918
1.301,-3.145,9.917
-2.402,-2.503,12.721
-2.102,-4.45,5.446
-1.293,-0.958,2.001
0.922,0.012,9.663
0.522,2.018,13.114
0.153,2.735,15.925
-0.942,2.113,11.367
0.172,2.056,9.488
-0.02,0.264,9.155
-1.544,-1.219,7.018
1.506,-1.778,7.997
0.483,-1.403,9.382
-0.011,-0.595,10.547
0.357,0.059,12.324
-0.394,2.729,11.882
-0.767,4.73,5.956
1.717,-0.552,5.939
0.391,-0.979,11.271
-2.357,-1.514,12.775
-1.449,-1.384,13.084
-1.325,-1.229,10.887
-0.549,-1.14,8.415
0.175,-0.076,7.509
0.755,1.138,7.782
0.721,1.374,9.19
0.161,0.99,10.208
0.12,-0.051,11.181
-2.16,-2.224,14.933
-4.181,-3.452,11.805
-0.943,-1.492,0.762
-0.061,-1.518,4.423
0.606,0.336,10.855
0.163,1.536,14.439
1.254,3.585,12.864
0.259,2.709,10.404
0.773,2.04,9.674
-0.28,-0.79,8.245
-0.393,-2.154,7.932
-0.566,-2.385,8.119
-0.211,-1.702,10.79
0.229,-0.528,12.312
0.812,0.256,12.432
1.946,2.633,11.929
2.041,2.304,6.159
1.519,0.577,5.93
-1.188,-0.418,9.228
-1.39,-2.697,9.94
-2.283,-2.672,11.42
-2.025,-1.142,11.248
0.139,1.278,10.585
0.198,2.825,10.526
-0.07,2.724,9.333
0.232,0.936,8.954
0.745,-0.99,9.639
1.005,-1.535,9.969
-0.97,-3.622,13.037
-1.553,-4.348,7.123
-0.516,-0.175,2.968
-0.918,0.668,8.765
-1.035,0.698,13.702
-0.03,2.349,14.464
0.193,1.879,11.324
0.345,1.934,8.602
0.134,0.764,7.645
0.016,-0.952,7.824
-0.045,-1.95,8.323
-0.323,-1.928,9.873
-0.026,-0.654,11.629
-0.894,1.547,12.611
-3.459,3.342,13.632
-2.472,3.301,4.975
-0.536,0.515,2.043
0.176,0.781,9.664
0.499,-1.368,14.241
0.968,-3.303,14.675
0.172,-2.403,10.946
0.051,-1.746,9.173
0.058,0.504,8.499
-0.007,1.449,7.643
0.057,1.559,7.801
-0.248,1.053,9.379
0.046,0.224,11.369
0.121,0.403,12.11
-1.239,-3.528,15.595
0.89,-1.973,5.18
0.263,-0.528,5.116
-0.795,0.203,9.539
-0.806,1.24,11.652
-0.798,2.347,11.1
-0.008,1.924,11.33
-0.013,0.631,9.365
0.742,-0.639,8.67
0.241,-1.826,8.373
-0.002,-1.748,9.026
-0.051,-0.836,10.26
0.776,0.496,9.807
2.437,0.598,10.523
-0.754,3.631,14.067
-0.399,2.326,4.639
-0.074,0.536,7.914
-0.433,-0.966,10.782
-0.748,-2.149,11.788
-1.799,-2.697,9.445
-0.842,-1.331,10.438
-0.534,0.811,10.113
0.112,1.94,9.227
-0.085,2.289,9.474
-0.142,1.148,10.185
0.153,-0.405,10.159
-0.289,-2.279,11.763
-5.392,-5.803,15.784
-2.459,-2.831,4.024
-0.859,-1.235,1.127
-0.382,-0.142,6.411
1.07,1.878,13.643
0.595,2.68,15.24
1.846,2.663,13.013
1.479,2.795,9.022
0.694,1.125,9.212
-0.2,-0.752,7.133
0.289,-1.522,8.182
-0.006,-2.08,9.091
-0.202,-1.554,10.164
0.301,-0.652,11.988
0.806,-0.357,8.937
1.031,4.215,12.353
2.066,1.206,7.171
-0.788,-0.006,9.202
-2.039,-1.384,12.046
-3.186,-2.104,11.079
-1.365,-1.31,10.654
-1.049,-0.666,10.318
0.525,1.305,8.745
1.059,1.627,8.668
0.547,1.395,8.388
0.028,0.687,9.329
1.681,-1.184,10.589
1.533,-1.248,10.871
-1.753,-4.544,14.481
-0.052,-1.249,1.56
-0.131,0.499,7.428
-1.282,0.985,11.891
-1.422,1.937,12.827
-1.159,1.932,11.118
-1.15,1.031,9.091
-0.478,0.111,7.816
0.925,-1.373,9.925
1.12,-1.515,9.251
-0.054,-1.387,9.83
0.076,-0.265,10.655
0.466,0.806,10.192
0.632,3.286,14.25
-1.05,4.81,9.343
-0.858,0.052,0.328
-1.39,0.06,10.173
-1.201,-0.952,12.013
-1.279,-1.384,14.306
-1.567,-2.28,12.816
0.553,-1.644,10.214
0.352,-0.737,7.684
0.143,1.042,5.351
1.355,0.682,7.465
0.571,1.06,9.501
-0.34,0.621,11.155
-0.127,-0.461,13.247
-7.351,-4.345,16.341
-2.209,-2.972,4.126
-0.993,-1.746,2.32
1.578,0.24,8.067
0.186,2.017,13.301
2.165,3.362,15.283
-0.138,2.091,11.285
-0.175,1.972,8.951
0.498,0.391,9.865
0.158,-1.256,9.151
-0.047,-1.943,7.544
-0.004,-1.556,8.116
-0.114,-0.532,9.081
0.479,-0.166,11.134
1.851,-0.167,11.607
0.828,-1.682,8.441
-0.41,0.632,10.541
-0.854,-0.102,8.541
-0.215,0.035,8.958
1.049,0.105,9.503
0.758,0.798,9.351
-0.34,0.255,9.11
-1.282,0.154,10.983
-1.394,0.177,12.26
-0.567,0.216,12.335
0.264,0.251,10.564
1.223,0.328,10.038
0.977,-0.834,11.301
-2.688,-3.747,10.401
-1.504,-1.763,2.125
-0.027,-0.6,6.144
-0.526,1.737,10.86
-0.322,0.995,15.127
-0.628,1.399,11.693
-1.142,1.2,10.914
1.14,2.247,9.386
0.569,0.432,6.671
0.523,-1.228,6.891
-0.327,-1.706,7.448
0.242,-1.903,10.885
0.077,-0.823,12.105
0.879,0.223,13.017
1.46,1.134,11.218
1.255,3.008,7.706
1.346,0.971,6.863
-0.459,-0.226,8.863
-1.233,-1.992,10.162
-2.0,-2.695,10.705
-1.762,-1.494,10.446
-0.803,0.551,10.16
-0.222,2.07,11.108
-0.113,2.617,9.814
-0.269,1.792,9.663
0.501,-0.015,9.972
0.417,-1.316,9.578
-0.365,-3.007,13.815
-2.018,-5.0,10.624
-1.022,-0.921,0.369
-0.599,0.242,4.888
-0.928,0.499,11.612
-0.08,1.781,15.51
0.723,2.444,13.088
0.55,2.31,9.887
0.509,2.022,8.726
-0.062,-0.515,7.709
-1.56,-2.417,7.444
0.953,-2.169,9.33
-0.019,-1.662,11.605
0.668,-0.319,13.168
-1.033,2.67,12.656
-0.421,4.414,6.655
0.453,0.771,5.202
0.192,-0.007,10.207
-0.644,-1.443,11.797
-1.473,-1.297,12.594
-1.039,-2.786,10.535
-0.279,-1.175,8.84
0.096,0.319,8.414
0.614,1.241,7.853
0.356,2.0,8.671
0.033,1.136,10.112
0.293,0.106,11.003
0.609,-1.108,11.905
-0.871,-1.574,14.862
-0.109,-3.194,4.614
0.266,-0.615,4.942
-0.682,0.133,8.636
-1.586,0.802,12.253
-1.256,2.368,12.227
-0.81,2.009,10.758
-0.156,0.83,9.191
0.982,-0.803,9.467
0.905,-1.737,8.795
-0.003,-1.895,9.154
-0.148,-0.816,10.274
0.261,0.484,10.537
1.687,1.158,11.211
-0.1,4.388,14.87
0.535,1.54,2.629
0.038,0.106,6.222
-1.277,-1.0,11.552
-1.173,-1.826,12.782
-1.65,-2.202,11.405
-1.473,-0.999,9.237
-0.186,0.357,8.657
-0.035,1.687,9.106
0.698,1.504,9.159
0.149,1.0,10.188
0.346,-0.095,10.917
0.54,-1.298,10.603
-3.686,-3.137,15.159
-3.123,-4.248,6.677
-1.156,-0.937,1.331
-0.022,-1.35,6.224
0.1,1.289,11.386
1.1,2.841,14.273
1.213,3.773,14.193
0.26,2.989,10.573
0.197,0.764,9.746
-0.706,-1.919,8.514
-0.216,-2.569,7.803
0.159,-1.91,8.508
-0.052,-0.765,9.802
0.306,0.214,11.922
1.628,0.4,10.17
1.756,1.633,13.183
1.521,1.043,6.031
0.938,0.662,7.147
-0.14,-0.652,9.083
-1.309,-1.616,8.242
-2.245,-1.693,11.793
-1.894,-0.999,12.006
-0.6,0.951,11.069
-0.88,2.695,10.792
0.014,2.588,9.768
0.46,0.941,9.159
0.986,-0.695,9.59
-0.413,-2.893,10.609
-4.006,-4.781,13.004
-1.313,-2.033,2.643
-0.471,-1.799,3.564
0.674,1.139,9.992
0.925,1.738,15.27
1.234,3.186,14.647
-0.298,2.803,9.538
-0.04,2.686,9.614
0.231,0.491,8.405
-1.267,-2.219,6.213
0.776,-2.548,9.023
0.347,-2.238,10.751
-0.095,-1.124,11.924
0.621,0.245,12.267
0.48,3.842,11.543
1.465,3.853,5.528
1.853,-0.313,7.356
-1.437,-0.851,9.829
-2.031,-2.216,12.177
-2.162,-2.854,11.363
-1.166,-1.007,9.901
0.09,0.421,9.889
0.2,2.169,9.482
-0.404,2.007,8.214
0.932,1.089,9.772
0.327,-0.414,10.512
1.153,-1.084,11.293
0.445,-0.739,9.628
-0.947,-4.842,11.142
-0.261,-1.583,1.117
0.62,0.608,9.265
-0.817,1.465,12.793
-2.0,1.86,14.425
-1.147,1.753,11.664
-0.397,0.917,10.721
0.036,0.268,8.103
-0.312,-1.475,7.828
-0.3,-1.61,6.934
0.607,-0.942,9.498
0.254,-0.256,10.965
1.0,0.388,12.602
-0.388,2.79,12.303
-0.825,4.472,6.4
-0.745,1.152,1.762
0.32,0.601,10.869
-0.325,-1.855,13.719
-1.963,-2.463,14.275
-1.387,-2.285,11.176
-0.67,-1.846,9.932
0.743,0.157,9.686
-0.054,1.781,7.463
0.655,1.651,7.083
0.346,1.263,7.968
0.454,-0.326,10.405
0.23,-0.457,12.152
-1.25,-3.034,14.219
-2.161,-5.031,8.542
-0.73,-0.387,1.396
-1.243,-0.343,9.077
-1.231,1.396,12.33
-0.414,2.359,14.282
0.047,2.037,12.023
0.751,1.947,9.433
1.352,0.817,9.0
-0.401,-0.891,7.124
0.187,-1.512,7.655
-0.003,-1.327,9.421
-0.01,-0.596,11.001
0.852,1.721,14.07
-2.25,3.776,14.036
-1.078,1.781,1.762
-0.067,1.15,5.729
-0.107,-0.912,11.334
-0.285,-2.037,13.573
-1.773,-1.937,12.18
-1.561,-1.461,11.188
0.663,-1.306,10.784
0.685,0.934,7.365
-1.028,1.104,6.068
1.695,1.256,7.546
0.688,0.138,10.145
0.042,-0.066,11.683
0.661,-0.036,12.812
-0.334,-2.336,12.162
0.709,-2.944,5.814
1.469,0.191,7.861
-1.307,0.838,9.501
-1.751,1.571,12.432
-1.198,1.951,11.931
-1.165,1.119,9.57
-0.887,-0.04,9.326
0.515,-1.108,8.16
0.501,-1.597,8.244
-0.195,-1.371,9.203
0.182,-0.368,10.51
0.923,0.55,10.961
1.929,0.84,10.626
-1.114,5.166,13.307
-0.213,1.424,0.908
-0.836,0.632,8.191
-2.023,-0.668,12.307
-1.434,-1.673,13.872
-1.223,-2.316,12.614
-0.638,-1.475,8.859
0.498,-0.466,7.717
1.372,0.605,8.887
0.215,1.61,7.943
-0.844,1.225,9.023
0.786,0.462,11.312
-0.516,-0.507,12.58
-5.592,-6.193,16.142
-3.703,-2.638,6.128
-1.618,-0.854,1.455
2.037,-0.04,9.463
0.869,2.576,12.791
2.563,1.728,13.743
0.324,1.429,10.246
1.463,2.811,7.661
1.067,1.987,8.117
-0.497,0.193,7.339
0.098,-1.93,8.678
-0.502,-2.789,10.473
-0.827,-2.909,11.005
-0.377,-0.998,11.794
0.988,-0.353,8.373
0.935,5.951,11.12
2.231,0.632,7.872
0.249,-0.366,9.704
-2.613,-1.345,11.151
-3.208,-2.922,11.283
-2.793,-1.904,12.466
-0.582,0.135,10.298
-0.423,2.206,9.63
0.635,2.324,8.935
0.319,1.929,8.904
1.19,-0.371,10.05
1.953,-1.941,10.714
0.787,-2.741,11.845
-3.2,-2.185,10.299
-1.513,-1.7,3.524
-0.095,-0.735,7.377
0.011,0.339,12.061
1.136,1.495,10.713
2.046,1.08,9.72
1.188,1.983,9.914
1.029,1.653,7.449
-0.451,0.496,7.412
-0.32,-0.503,8.702
-0.924,-1.738,10.268
-1.026,-2.5,11.774
-0.865,-1.478,11.215
-5.141,3.855,16.432
-6.073,4.859,8.86
-2.253,1.084,1.691
-0.395,1.947,3.436
1.387,0.996,13.004
2.507,-2.455,16.109
-0.351,-3.774,14.032
-0.107,-3.919,10.716
-1.01,-2.196,10.119
-0.092,1.703,9.097
-0.018,1.849,6.968
0.122,1.346,7.151
0.213,0.35,8.517
1.007,-1.874,11.53
-4.475,-2.194,16.909
-1.569,-1.804,8.653
-0.991,0.321,4.226
0.346,-0.656,7.323
-0.002,0.534,10.303
1.97,1.153,11.075
2.678,2.295,11.824
2.505,2.539,9.049
0.869,1.496,7.362
-0.811,-0.221,7.091
-0.642,-1.553,9.433
-0.8,-2.295,11.341
-0.766,-2.061,12.35
-0.011,-1.056,12.752
0.546,0.306,9.162
-0.742,4.885,10.188
1.512,1.615,5.086
0.79,0.015,9.838
-1.552,-0.355,10.838
-2.599,-1.48,10.584
-1.842,-2.605,13.776
-1.47,-1.283,11.417
-0.173,0.51,8.141
0.416,1.488,7.53
0.925,1.635,8.343
0.587,0.854,9.216
0.664,-0.366,10.611
0.182,-2.137,12.478
-5.841,-4.396,14.179
-0.443,-1.582,1.659
-0.265,-1.765,3.512
0.632,1.115,11.272
-0.228,2.193,15.082
2.187,2.108,13.252
1.262,1.773,9.497
0.422,2.544,8.957
0.465,1.135,7.744
-0.694,-0.911,7.119
-0.05,-2.342,8.531
-0.213,-2.648,10.67
-0.425,-1.928,11.972
0.152,-0.55,12.688
0.607,2.667,10.89
0.756,4.91,7.165
2.061,-0.274,8.032
-0.707,-0.182,9.666
-1.819,-1.279,9.463
-2.39,-2.983,12.908
-2.172,-1.923,11.767
-0.581,0.137,9.121
0.087,1.699,8.842
-0.193,2.841,7.958
0.311,1.401,9.81
0.193,0.177,10.838
1.191,-2.236,12.226
-5.866,-3.928,15.078
1.402,-1.599,3.274
-1.396,-2.909,3.812
0.329,-1.125,4.55
0.838,1.282,14.289
1.062,3.453,15.785
1.94,1.604,11.202
0.753,2.119,8.478
0.759,2.657,8.719
-0.028,0.653,7.834
-0.036,-2.038,7.864
-0.104,-3.01,9.627
-0.482,-2.633,10.603
-0.075,-1.337,12.846
0.626,-0.05,10.158
-0.56,6.135,10.298
1.771,2.294,6.888
0.218,0.001,9.46
-1.529,-0.937,10.493
-2.509,-1.954,11.173
-2.148,-2.625,12.098
-1.197,-1.187,11.309
-0.238,0.988,8.912
0.594,2.002,8.364
0.385,2.105,8.208
0.227,0.682,8.772
0.851,-0.861,10.606
-2.325,-4.059,15.729
-4.361,-4.567,10.365
-0.121,-0.985,2.073
-1.124,-2.999,3.371
0.446,0.625,10.664
1.006,2.935,15.043
2.676,3.228,13.909
1.305,2.513,9.113
0.621,2.895,8.904
0.527,1.037,8.466
-0.078,-1.215,7.859
-0.585,-2.959,8.322
0.014,-2.806,10.189
-0.694,-1.734,10.862
-0.179,-0.32,11.808
-0.078,2.874,14.04
-0.257,3.689,6.851
0.122,1.221,6.825
-0.879,0.221,8.693
-0.577,-0.94,10.832
-1.015,-2.706,9.53
-0.261,-2.615,12.924
-0.858,-0.707,10.335
-0.241,1.214,9.506
-0.128,2.212,9.479
0.136,1.678,8.696
0.966,0.253,9.934
1.153,-1.66,11.553
-7.87,-6.854,16.86
0.275,-1.267,2.87
-1.628,-2.265,3.158
-0.306,-1.842,6.488
0.963,2.852,13.64
2.793,3.659,15.204
2.153,1.312,11.037
0.597,2.765,8.363
0.496,2.675,9.322
0.16,0.684,8.217
-1.285,-1.936,6.364
-0.203,-2.994,9.132
0.29,-2.55,11.176
-0.351,-1.648,13.069
0.241,0.169,10.197
-0.492,6.052,11.222
2.25,1.423,7.073
0.857,-0.218,8.316
-2.13,-0.39,10.554
-2.206,-1.833,11.916
-2.314,-2.248,11.957
-0.852,-1.39,9.802
0.106,0.353,8.891
0.385,1.841,8.875
0.129,2.091,7.835
0.568,0.907,9.772
-2.381,1.085,12.506
-7.34,3.453,9.546
-4.085,-3.8,17.309
-1.824,-3.261,6.942
0.129,-1.451,4.686
-0.964,-1.505,3.833
-2.298,-1.421,6.08
-2.474,-1.492,14.238
-0.862,-0.394,16.914
1.307,1.35,11.058
2.337,1.427,6.896
2.404,1.194,6.0
2.038,0.142,8.012
1.012,-0.641,11.111
-0.258,-1.11,12.375
-1.236,-0.72,11.187
-1.596,0.04,9.07
-1.155,0.543,6.312
0.918,0.75,4.466
2.795,1.197,9.15
2.39,1.21,12.33
2.989,0.804,14.535
2.365,0.297,11.734
1.314,-0.737,9.126
0.363,-2.117,7.555
-0.273,-2.829,7.054
-0.104,-6.425,7.95
-0.083,-0.344,8.358
-1.075,2.26,14.954
-1.495,2.218,15.124
-1.34,2.769,12.173
-0.601,2.998,10.131
-0.171,1.681,8.239
0.509,-0.047,9.264
0.512,-2.149,9.261
0.622,-2.559,8.717
1.621,-1.758,10.732
1.837,-0.152,10.658
0.548,2.27,8.888
-1.333,-1.351,9.758
-1.724,-1.943,2.777
-2.542,-2.532,8.675
-3.833,-0.425,9.721
-0.97,-0.968,12.955
0.876,1.244,12.666
1.63,2.763,9.088
2.824,2.773,9.311
1.885,1.639,8.307
2.032,-0.114,8.52
0.688,-1.131,10.447
-0.411,-2.513,11.581
-2.251,-2.209,11.267
-3.43,-1.707,9.721
-2.355,5.772,10.617
0.234,3.305,1.546
1.5,1.333,9.269
0.194,0.836,11.692
-0.548,-1.56,15.182
-1.566,-2.581,16.238
-1.166,-1.279,11.776
-0.826,0.958,10.012
-0.811,1.853,8.108
-0.494,0.961,6.132
0.294,0.345,6.762
0.446,-1.18,8.864
-0.927,-2.809,11.534
-4.327,-5.493,15.716
-1.591,-1.19,1.307
-0.576,-2.63,2.452
-0.098,-2.481,3.246
-0.539,0.723,12.035
-0.999,2.5,15.436
0.781,3.467,16.081
1.259,2.365,12.269
1.643,1.312,10.894
1.656,-0.076,9.741
1.328,-1.214,9.818
0.46,-0.951,10.487
0.311,-0.876,9.277
-0.828,-0.406,6.03
-0.235,-0.328,5.677
1.033,0.426,4.448
0.651,3.893,13.294
-0.258,-0.286,13.487
-1.225,-0.839,14.145
-1.694,0.033,12.795
-1.01,0.388,12.713
-0.396,1.078,10.017
0.227,0.146,8.254
0.509,-0.515,6.958
0.967,-1.486,6.834
1.441,-2.47,10.621
0.144,-0.897,10.908
-1.007,0.752,9.649
-3.83,-1.867,9.904
-1.723,-2.673,1.187
-0.089,-1.94,3.593
-0.429,-0.562,12.499
-0.242,2.168,13.316
0.137,3.409,15.581
0.016,1.483,11.195
0.266,0.383,9.736
-0.007,-1.177,10.349
-0.366,-1.76,10.449
-0.804,-1.289,9.173
-0.285,-0.852,9.027
0.003,-0.014,7.724
0.207,0.534,8.117
0.868,3.797,8.614
-0.203,4.104,5.148
-0.406,1.714,11.01
-1.153,-0.72,12.266
-0.871,-2.047,15.334
-0.688,-2.594,15.656
0.024,-0.126,11.279
0.752,0.548,9.099
1.119,0.635,7.367
1.087,0.507,6.834
1.408,-0.482,7.879
-0.431,-0.835,10.669
-1.455,-1.685,11.578
-5.127,-5.595,14.298
-0.669,-0.501,1.209
-0.441,-2.677,2.684
-0.465,-2.374,3.916
-1.088,0.759,10.744
-0.365,2.577,16.307
-0.145,3.137,15.87
0.081,0.795,11.541
0.16,-0.041,10.645
0.677,-1.264,9.914
0.439,-0.558,11.222
0.681,-0.065,10.019
0.579,0.086,7.914
0.268,-0.015,5.727
0.261,-0.033,6.536
0.673,4.287,6.955
0.984,1.184,10.283
-0.214,0.013,12.698
-1.118,-1.328,15.578
-1.613,-1.499,14.858
-1.701,-0.289,12.125
-0.852,0.969,7.999
-0.062,1.06,6.66
0.682,0.638,6.685
1.598,0.046,7.86
2.201,-0.724,10.196
0.671,-1.013,12.259
-2.318,-4.555,15.402
-3.006,-1.93,5.518
-1.019,-3.174,3.877
0.105,-2.531,2.294
-1.093,-0.346,5.424
-1.04,1.406,12.985
-1.223,3.415,18.607
-1.75,7.694,11.999
-0.482,-1.226,13.032
-1.083,-2.394,10.923
-0.407,-3.108,9.892
-0.285,-1.549,9.082
0.342,0.258,7.964
1.062,-0.709,4.476
1.033,0.897,6.273
1.727,4.647,11.635
-1.384,-3.212,13.234
-1.907,0.352,13.116
-1.211,0.193,9.75
0.017,0.099,9.089
1.751,-0.476,10.409
2.32,-0.728,10.659
2.628,-0.801,8.039
2.33,-0.471,9.034
0.812,0.081,9.903
-0.122,0.213,10.47
-2.579,3.094,9.655
0.31,0.125,9.887
-0.369,0.677,9.502
0.601,1.13,8.077
0.306,-4.93,10.751
-0.389,-2.09,7.458
-5.271,3.95,9.285
-0.468,-0.008,10.309
-0.253,-0.172,11.239
-1.073,0.378,12.879
-0.371,-0.534,10.679
-0.291,0.14,8.894
0.174,0.148,8.351
0.216,0.305,8.683
0.228,0.244,8.632
0.328,0.072,8.079
1.217,-0.258,9.967
2.303,-1.616,11.354
-1.284,-0.903,12.092
-1.381,0.403,9.017
-0.255,-1.193,11.06
-0.11,-0.336,11.219
-0.162,0.444,8.172
1.104,0.908,8.765
-1.944,3.523,9.042
0.012,0.198,9.35
-0.304,-1.291,10.514
-0.358,-1.902,10.329
-0.565,-2.009,11.424
-0.186,-0.831,8.955
-0.079,-0.239,7.67
0.304,3.223,11.53
0.071,1.909,9.304
0.225,0.58,9.598
-0.072,-0.043,9.679
-0.156,-1.054,8.36
-0.168,-1.06,9.38
-0.084,-0.767,9.259
0.034,-0.163,10.137
0.099,0.225,11.051
0.139,0.279,10.625
0.108,-0.099,10.541
-0.016,-0.63,9.743
-0.015,-1.271,7.975
-0.65,-3.694,13.182
-0.423,-0.498,8.935
0.185,-0.268,10.219
0.438,1.159,8.449
0.255,-0.022,8.504
0.317,0.649,8.802
0.276,0.669,10.611
0.463,1.215,8.715
0.463,1.068,9.425
0.492,1.072,10.169
0.546,1.26,9.667
0.678,1.565,8.762
0.807,1.168,10.502
0.863,3.864,15.936
0.143,2.667,10.464
1.011,-0.047,2.944
-0.216,0.031,10.248
0.035,-0.659,9.155
0.308,-0.324,11.682
0.246,-1.222,10.724
-0.004,-1.906,11.496
-0.184,-2.119,9.959
-0.143,-2.159,9.155
-0.044,-1.681,7.22
0.241,-0.097,8.322
0.487,1.28,9.683
0.6,1.63,9.54
0.061,-1.144,15.866
0.026,-2.571,9.055
0.599,-1.74,8.386
-0.205,-1.052,8.61
0.298,-1.087,7.517
0.15,-0.957,8.503
0.481,-0.592,8.482
0.282,0.215,10.28
0.433,2.011,10.291
1.119,3.312,9.48
1.104,3.524,10.425
1.025,3.505,10.822
1.197,3.591,12.258
0.699,2.772,14.894
0.714,1.375,10.64
0.876,-0.109,4.868
0.906,0.524,3.768
-0.234,-1.363,9.281
0.226,0.095,10.419
0.61,0.025,13.256
0.068,-1.572,11.856
-0.199,-2.944,8.649
0.104,-3.094,7.62
-0.104,-2.268,8.47
0.313,-0.698,9.116
0.588,0.766,11.336
0.711,1.006,10.164
0.248,-1.71,14.279
0.308,-2.032,11.066
0.939,-1.656,5.686
-0.204,-1.142,8.93
0.081,-0.558,8.11
-0.047,-1.249,8.127
0.358,-0.553,8.627
0.508,-0.337,9.459
1.083,1.423,10.73
1.02,3.659,9.576
1.299,4.396,10.023
1.38,4.291,11.244
1.168,3.455,11.406
0.804,2.321,13.069
1.834,1.031,13.282
0.17,1.197,7.572
0.409,0.751,4.038
0.253,-0.403,3.39
0.266,0.246,9.191
0.56,0.368,13.013
0.227,-0.478,14.703
0.273,-2.874,13.07
0.405,-2.729,10.258
0.557,-2.393,8.256
-0.124,-1.165,5.766
1.066,0.724,7.906
1.582,1.064,10.18
1.3,-6.687,17.093
0.421,-0.886,10.204
0.667,-3.07,8.084
0.856,-1.284,3.305
0.041,0.495,1.058
0.075,-0.317,5.367
-0.509,-1.438,15.762
0.39,-0.853,14.869
0.977,1.726,14.126
1.005,3.001,11.642
1.372,3.197,10.156
1.126,1.753,6.899
0.914,1.629,7.091
1.43,2.488,6.966
1.776,7.614,17.814
1.255,0.282,11.132
0.175,1.453,6.76
0.901,1.078,3.7
-0.012,-0.592,3.321
-0.028,-2.083,14.126
3.451,0.521,14.364
-1.523,-1.725,9.125
0.446,-1.141,9.969
0.489,-1.405,9.386
0.512,-1.445,9.441
-0.565,-1.919,8.053
0.334,-2.222,8.63
-0.001,-5.508,16.784
0.217,-3.648,14.166
1.065,0.377,10.838
0.854,-1.047,5.205
1.094,0.393,4.625
-0.733,-0.208,8.33
1.733,-2.365,10.088
-0.437,2.557,8.836
0.463,0.01,9.016
0.971,1.569,8.704
1.135,1.953,10.197
0.982,2.392,9.301
1.22,2.658,10.291
2.55,4.754,14.038
1.773,4.625,16.967
1.255,3.305,11.063
0.227,2.093,6.321
0.774,0.117,3.668
0.784,0.318,0.848
0.092,-0.4,8.079
-0.08,-0.918,14.799
2.151,-0.35,13.646
-0.725,-1.542,11.668
0.061,-2.633,9.784
0.021,-2.797,9.712
-0.662,-2.381,8.176
0.152,-1.265,9.169
0.365,-0.066,9.577
0.249,-1.294,12.224
0.016,-2.523,15.224
0.596,-0.556,7.589
0.497,-0.338,6.212
-0.113,-0.978,7.649
0.228,-1.198,7.544
0.222,-0.795,7.486
0.514,0.047,10.213
0.681,1.018,9.057
1.077,2.135,8.679
1.041,2.748,11.368
1.343,3.292,10.884
1.817,3.624,13.53
2.346,3.9,14.332
1.374,3.805,11.897
0.486,2.871,9.578
0.04,0.609,6.172
0.834,1.257,2.873
0.963,-1.142,6.321
0.221,1.781,11.103
1.308,-0.886,13.947
-0.609,-1.29,9.678
0.164,-1.939,8.875
0.674,-2.61,9.163
0.332,-1.985,9.629
0.371,-1.837,9.422
0.399,-1.463,10.275
0.398,-2.956,12.566
0.52,-3.343,14.85
0.056,-0.483,10.047
0.417,-0.318,4.841
-0.097,-1.388,8.821
0.108,-0.76,7.828
0.244,-1.358,8.182
0.209,0.217,8.998
0.615,0.13,9.123
0.716,0.858,8.197
1.574,1.791,10.73
1.328,3.082,9.645
1.406,3.53,9.887
1.314,5.86,14.4
1.1,4.033,15.049
1.422,4.131,11.112
1.055,1.33,7.578
0.524,0.591,4.222
0.341,-0.239,2.57
0.526,-0.342,8.304
0.841,1.042,13.087
0.46,-1.897,14.664
0.346,-2.297,11.223
-0.2,-2.873,10.692
0.137,-3.149,8.224
0.051,-2.755,8.674
0.206,-1.701,7.9
0.522,0.185,9.694
0.802,1.279,9.29
0.217,-3.415,18.935
-0.094,-0.017,6.843
1.23,-1.728,4.519
-0.001,-0.952,10.656
0.367,-0.466,7.732
0.23,-1.206,7.869
0.577,-1.55,8.919
0.192,0.646,9.369
1.375,1.16,11.001
1.169,2.846,10.032
1.335,3.541,10.185
1.433,3.699,8.973
2.142,6.693,14.68
1.441,2.78,13.095
0.697,1.617,11.311
0.495,1.039,4.482
0.113,0.395,4.324
0.295,-0.585,4.52
0.497,1.454,12.341
1.26,0.564,12.757
1.506,-2.008,14.633
-1.124,-4.613,10.648
0.438,-3.246,9.933
0.361,-2.752,7.888
0.86,-2.042,7.704
0.715,-1.51,8.71
0.941,-1.026,11.115
0.287,-2.192,16.065
0.586,-1.488,10.062
1.153,-0.882,4.98
0.145,-0.992,7.807
0.147,0.456,2.687
0.42,-1.479,6.389
0.375,-1.027,14.461
0.089,-0.188,11.976
0.886,1.423,11.397
1.289,3.107,10.171
1.533,3.317,9.619
1.319,3.171,8.276
1.4,2.81,7.753
2.101,7.388,17.677
0.86,2.173,11.367
1.21,1.555,5.566
1.275,1.781,3.379
-0.402,-0.957,3.886
-0.355,-5.796,22.142
0.64,-1.532,13.441
-0.147,-1.465,10.051
0.349,-1.791,9.583
-0.028,-1.312,8.115
-0.049,-1.347,7.487
0.024,-0.582,7.808
0.3,1.124,8.327
0.564,2.457,8.793
0.487,1.989,9.831
0.219,0.374,10.726
-0.058,-1.237,10.376
-0.177,-1.159,7.022
0.143,-0.205,5.621
0.635,0.714,9.39
0.521,1.58,12.169
0.523,1.217,14.625
0.409,0.058,12.676
0.017,-1.917,9.58
-0.124,-2.952,7.009
-0.155,-5.524,12.546
-0.094,-1.482,5.587
0.081,-0.046,5.009
0.343,-0.354,11.077
0.221,-0.2,11.371
0.35,1.388,12.933
-0.229,2.71,12.342
0.295,2.533,9.18
0.314,1.228,9.18
0.364,-0.191,9.171
0.828,-0.941,9.784
4.258,4.864,8.317
3.273,4.073,14.582
3.071,1.437,8.276
3.969,2.277,6.6
-8.094,2.21,4.809
1.582,0.331,0.689
0.455,0.502,8.738
0.044,-2.301,16.356
-0.302,-2.777,17.317
-0.453,-2.128,13.04
0.267,-2.336,10.477
0.537,-1.155,11.755
0.919,-0.293,10.251
1.279,-0.199,9.334
4.132,1.272,7.376
3.999,1.762,6.904
-7.471,-3.989,8.701
0.916,-4.72,13.901
-0.083,-1.389,4.117
0.181,-1.053,4.027
0.011,-1.818,6.398
0.757,-0.462,12.357
0.2,1.033,15.255
0.229,1.777,11.508
1.011,2.675,10.222
1.24,2.571,9.498
0.481,2.81,7.517
0.822,2.712,7.888
1.098,3.458,11.607
1.028,3.132,16.135
0.847,2.004,11.979
1.364,0.752,7.333
-0.053,1.331,4.683
0.853,-0.11,4.904
-0.01,-2.015,11.944
-0.002,-1.205,12.48
0.711,1.584,5.413
1.484,-0.453,10.05
0.357,-0.541,11.356
0.354,-2.072,9.579
-0.749,-2.549,8.456
0.342,-2.183,10.186
0.347,-2.325,11.34
-0.408,-6.558,19.104
0.824,0.025,10.659
1.689,-1.343,5.861
-1.094,-0.656,5.689
1.216,-1.006,7.505
0.002,1.809,10.033
0.815,0.499,9.272
0.479,0.26,9.58
0.79,0.935,7.268
0.745,0.699,7.999
1.004,1.297,9.324
1.037,1.646,10.735
1.804,5.07,15.909
1.963,6.282,16.618
1.791,5.724,11.208
1.021,1.724,7.954
1.18,0.544,2.886
0.18,0.891,2.581
0.584,-1.468,5.836
0.209,-0.848,16.213
0.784,0.257,11.637
0.187,-1.121,8.444
0.278,-1.928,11.532
0.613,-3.043,9.815
0.14,-2.545,10.066
0.189,-2.297,9.457
0.388,-1.383,9.37
0.663,-0.206,9.912
0.185,-3.341,16.78
-0.349,0.426,8.646
-0.008,-0.543,5.203
0.948,-1.78,8.873
-0.425,-0.8,8.141
0.297,-0.353,7.448
0.398,-0.754,9.359
0.563,0.352,8.819
1.344,0.276,9.846
0.916,2.38,11.363
1.003,3.586,10.03
1.0,3.652,9.263
1.471,4.823,11.774
1.566,5.789,17.58
1.142,2.677,11.623
1.14,2.115,6.557
0.412,0.576,2.512
0.924,-0.568,4.279
0.492,-0.135,8.693
1.572,-2.95,15.117
-0.889,-0.073,7.769
0.543,-1.616,8.901
-0.477,-1.89,11.647
0.304,-2.58,11.064
0.014,-3.166,9.594
0.194,-2.326,10.06
0.457,-1.139,10.351
0.203,-2.811,16.133
0.614,-0.689,9.313
0.942,-0.517,6.025
0.202,-2.194,7.574
-0.246,-1.27,8.397
0.551,-0.117,6.909
0.586,1.147,11.931
1.117,-0.248,7.942
0.148,0.205,7.646
0.889,0.697,10.367
1.683,2.144,9.047
1.545,3.382,9.725
1.982,6.6,14.468
2.662,6.474,16.865
1.553,2.954,12.106
0.31,2.587,9.14
0.852,-0.209,3.913
0.031,0.442,2.6
1.399,-0.575,5.024
-0.295,-0.362,12.985
0.883,0.681,11.66
0.159,-0.681,7.821
0.189,-2.21,9.738
0.191,-2.579,11.798
0.226,-2.671,10.643
0.194,-2.472,10.33
0.02,-4.245,12.472
0.02,-4.084,14.294
0.377,-1.774,11.009
1.501,0.157,8.871
0.407,0.349,4.167
0.182,-0.647,8.356
0.358,-0.004,7.451
0.758,-1.15,8.452
-0.053,0.539,8.897
0.937,0.087,9.441
0.507,1.443,10.968
1.524,2.837,9.701
1.464,3.585,8.924
1.365,3.329,9.698
1.06,6.243,13.912
1.363,3.21,14.192
1.178,2.451,12.657
1.424,1.086,6.003
0.388,0.74,3.849
0.409,-0.228,2.115
0.786,0.16,10.289
0.072,0.047,13.98
0.814,-2.248,12.306
-0.134,-2.678,11.245
0.093,-2.974,10.22
0.141,-2.61,9.847
0.216,-1.864,9.045
0.362,-0.905,8.059
0.54,-0.066,9.063
0.303,-2.458,13.813
0.187,-2.993,14.139
1.829,-0.455,6.164
-0.231,-0.35,6.471
0.029,-0.607,7.916
0.732,-0.718,9.03
0.024,0.215,8.425
0.605,-0.023,9.374
0.754,0.338,9.157
1.395,1.126,10.476
